SMILES,QED,LogP,MolWt,HBA,HBD,TPSA,NumRotBonds,N_count,S_count,O_count,P_count,Concentration_mM
C[NH+]1CCN(CCO)C1.O=S(=O)([N-]S(=O)(=O)C(F)(F)F)C(F)(F)F,0.5642749540498659,-1.174199999999997,411.346,6,2,110.29,4,3,2,5,0,1.0
C[NH+]1CCN(CCO)C1.O=S(=O)([N-]S(=O)(=O)C(F)(F)F)C(F)(F)F,0.5642749540498659,-1.174199999999997,411.346,6,2,110.29,4,3,2,5,0,0.1
C[NH+]1CCN(CCO)C1.O=S(=O)([N-]S(=O)(=O)C(F)(F)F)C(F)(F)F,0.5642749540498659,-1.174199999999997,411.346,6,2,110.29,4,3,2,5,0,0.01
C[NH+]1CCN(CCO)C1.O=S(=O)([N-]S(=O)(=O)C(F)(F)F)C(F)(F)F,0.5642749540498659,-1.174199999999997,411.346,6,2,110.29,4,3,2,5,0,0.5
C[NH+]1CCN(CCO)C1.O=S(=O)([N-]S(=O)(=O)C(F)(F)F)C(F)(F)F,0.5642749540498659,-1.174199999999997,411.346,6,2,110.29,4,3,2,5,0,0.05
C[NH+]1CCN(CCO)C1.O=S(=O)([N-]S(=O)(=O)C(F)(F)F)C(F)(F)F,0.5642749540498659,-1.174199999999997,411.346,6,2,110.29,4,3,2,5,0,0.001
C[NH+]1CCN(CCO)C1.O=S(=O)([N-]S(=O)(=O)C(F)(F)F)C(F)(F)F,0.5642749540498659,-1.174199999999997,411.346,6,2,110.29,4,3,2,5,0,5.0
C[NH+]1CCN(CCO)C1.O=S(=O)([N-]S(=O)(=O)C(F)(F)F)C(F)(F)F,0.5642749540498659,-1.174199999999997,411.346,6,2,110.29,4,3,2,5,0,0.25
C[NH+]1CCN(CCO)C1.O=S(=O)([N-]S(=O)(=O)C(F)(F)F)C(F)(F)F,0.5642749540498659,-1.174199999999997,411.346,6,2,110.29,4,3,2,5,0,0.005
C[NH+]1CCN(CCO)C1.O=S(=O)([N-]S(=O)(=O)C(F)(F)F)C(F)(F)F,0.5642749540498659,-1.174199999999997,411.346,6,2,110.29,4,3,2,5,0,2.0
C[NH+]1CCN(CCO)C1.O=S(=O)([N-]S(=O)(=O)C(F)(F)F)C(F)(F)F,0.5642749540498659,-1.174199999999997,411.346,6,2,110.29,4,3,2,5,0,0.2
C[NH+]1CCN(CCO)C1.O=S(=O)([N-]S(=O)(=O)C(F)(F)F)C(F)(F)F,0.5642749540498659,-1.174199999999997,411.346,6,2,110.29,4,3,2,5,0,0.4
C[NH+]1CCN(CCO)C1.O=S(=O)([N-]S(=O)(=O)C(F)(F)F)C(F)(F)F,0.5642749540498659,-1.174199999999997,411.346,6,2,110.29,4,3,2,5,0,0.8
C[NH+]1CCN(CCO)C1.O=S(=O)([N-]S(=O)(=O)C(F)(F)F)C(F)(F)F,0.5642749540498659,-1.174199999999997,411.346,6,2,110.29,4,3,2,5,0,2.5
C(COc1nc(OCCOCC2CO2)nc(OCCCCC2CO2)n1)OCC1CO1,0.2389781607079514,0.4079000000000015,427.4540000000003,11,0,122.41,18,3,0,8,0,1.0
C(COc1nc(OCCOCC2CO2)nc(OCCCCC2CO2)n1)OCC1CO1,0.2389781607079514,0.4079000000000015,427.4540000000003,11,0,122.41,18,3,0,8,0,0.1
C(COc1nc(OCCOCC2CO2)nc(OCCCCC2CO2)n1)OCC1CO1,0.2389781607079514,0.4079000000000015,427.4540000000003,11,0,122.41,18,3,0,8,0,0.01
C(COc1nc(OCCOCC2CO2)nc(OCCCCC2CO2)n1)OCC1CO1,0.2389781607079514,0.4079000000000015,427.4540000000003,11,0,122.41,18,3,0,8,0,0.5
C(COc1nc(OCCOCC2CO2)nc(OCCCCC2CO2)n1)OCC1CO1,0.2389781607079514,0.4079000000000015,427.4540000000003,11,0,122.41,18,3,0,8,0,0.05
C(COc1nc(OCCOCC2CO2)nc(OCCCCC2CO2)n1)OCC1CO1,0.2389781607079514,0.4079000000000015,427.4540000000003,11,0,122.41,18,3,0,8,0,0.001
C(COc1nc(OCCOCC2CO2)nc(OCCCCC2CO2)n1)OCC1CO1,0.2389781607079514,0.4079000000000015,427.4540000000003,11,0,122.41,18,3,0,8,0,5.0
C(COc1nc(OCCOCC2CO2)nc(OCCCCC2CO2)n1)OCC1CO1,0.2389781607079514,0.4079000000000015,427.4540000000003,11,0,122.41,18,3,0,8,0,0.25
C(COc1nc(OCCOCC2CO2)nc(OCCCCC2CO2)n1)OCC1CO1,0.2389781607079514,0.4079000000000015,427.4540000000003,11,0,122.41,18,3,0,8,0,0.005
C(COc1nc(OCCOCC2CO2)nc(OCCCCC2CO2)n1)OCC1CO1,0.2389781607079514,0.4079000000000015,427.4540000000003,11,0,122.41,18,3,0,8,0,2.0
C(COc1nc(OCCOCC2CO2)nc(OCCCCC2CO2)n1)OCC1CO1,0.2389781607079514,0.4079000000000015,427.4540000000003,11,0,122.41,18,3,0,8,0,0.2
C(COc1nc(OCCOCC2CO2)nc(OCCCCC2CO2)n1)OCC1CO1,0.2389781607079514,0.4079000000000015,427.4540000000003,11,0,122.41,18,3,0,8,0,0.4
C(COc1nc(OCCOCC2CO2)nc(OCCCCC2CO2)n1)OCC1CO1,0.2389781607079514,0.4079000000000015,427.4540000000003,11,0,122.41,18,3,0,8,0,0.8
C(COc1nc(OCCOCC2CO2)nc(OCCCCC2CO2)n1)OCC1CO1,0.2389781607079514,0.4079000000000015,427.4540000000003,11,0,122.41,18,3,0,8,0,2.5
CC1(C)S[C@@H]2[C@H](NC(=O)C(N)c3ccc(O)cc3)C(=O)N2C1C(=O)O,0.5530315284690744,0.0237000000000004,365.4110000000001,6,4,132.96,4,3,1,5,0,1.0
CC1(C)S[C@@H]2[C@H](NC(=O)C(N)c3ccc(O)cc3)C(=O)N2C1C(=O)O,0.5530315284690744,0.0237000000000004,365.4110000000001,6,4,132.96,4,3,1,5,0,0.1
CC1(C)S[C@@H]2[C@H](NC(=O)C(N)c3ccc(O)cc3)C(=O)N2C1C(=O)O,0.5530315284690744,0.0237000000000004,365.4110000000001,6,4,132.96,4,3,1,5,0,0.01
CC1(C)S[C@@H]2[C@H](NC(=O)C(N)c3ccc(O)cc3)C(=O)N2C1C(=O)O,0.5530315284690744,0.0237000000000004,365.4110000000001,6,4,132.96,4,3,1,5,0,0.5
CC1(C)S[C@@H]2[C@H](NC(=O)C(N)c3ccc(O)cc3)C(=O)N2C1C(=O)O,0.5530315284690744,0.0237000000000004,365.4110000000001,6,4,132.96,4,3,1,5,0,0.05
CC1(C)S[C@@H]2[C@H](NC(=O)C(N)c3ccc(O)cc3)C(=O)N2C1C(=O)O,0.5530315284690744,0.0237000000000004,365.4110000000001,6,4,132.96,4,3,1,5,0,0.001
CC1(C)S[C@@H]2[C@H](NC(=O)C(N)c3ccc(O)cc3)C(=O)N2C1C(=O)O,0.5530315284690744,0.0237000000000004,365.4110000000001,6,4,132.96,4,3,1,5,0,5.0
CC1(C)S[C@@H]2[C@H](NC(=O)C(N)c3ccc(O)cc3)C(=O)N2C1C(=O)O,0.5530315284690744,0.0237000000000004,365.4110000000001,6,4,132.96,4,3,1,5,0,0.25
CC1(C)S[C@@H]2[C@H](NC(=O)C(N)c3ccc(O)cc3)C(=O)N2C1C(=O)O,0.5530315284690744,0.0237000000000004,365.4110000000001,6,4,132.96,4,3,1,5,0,0.005
CC1(C)S[C@@H]2[C@H](NC(=O)C(N)c3ccc(O)cc3)C(=O)N2C1C(=O)O,0.5530315284690744,0.0237000000000004,365.4110000000001,6,4,132.96,4,3,1,5,0,2.0
CC1(C)S[C@@H]2[C@H](NC(=O)C(N)c3ccc(O)cc3)C(=O)N2C1C(=O)O,0.5530315284690744,0.0237000000000004,365.4110000000001,6,4,132.96,4,3,1,5,0,0.2
CC1(C)S[C@@H]2[C@H](NC(=O)C(N)c3ccc(O)cc3)C(=O)N2C1C(=O)O,0.5530315284690744,0.0237000000000004,365.4110000000001,6,4,132.96,4,3,1,5,0,0.4
CC1(C)S[C@@H]2[C@H](NC(=O)C(N)c3ccc(O)cc3)C(=O)N2C1C(=O)O,0.5530315284690744,0.0237000000000004,365.4110000000001,6,4,132.96,4,3,1,5,0,0.8
CC1(C)S[C@@H]2[C@H](NC(=O)C(N)c3ccc(O)cc3)C(=O)N2C1C(=O)O,0.5530315284690744,0.0237000000000004,365.4110000000001,6,4,132.96,4,3,1,5,0,2.5
O=Cc1cc2cc([N+](=O)[O-])ccc2nc1Cl,0.3476827439714615,2.6089,236.614,4,0,73.1,2,2,0,3,0,1.0
O=Cc1cc2cc([N+](=O)[O-])ccc2nc1Cl,0.3476827439714615,2.6089,236.614,4,0,73.1,2,2,0,3,0,0.1
O=Cc1cc2cc([N+](=O)[O-])ccc2nc1Cl,0.3476827439714615,2.6089,236.614,4,0,73.1,2,2,0,3,0,0.01
O=Cc1cc2cc([N+](=O)[O-])ccc2nc1Cl,0.3476827439714615,2.6089,236.614,4,0,73.1,2,2,0,3,0,0.5
O=Cc1cc2cc([N+](=O)[O-])ccc2nc1Cl,0.3476827439714615,2.6089,236.614,4,0,73.1,2,2,0,3,0,0.05
O=Cc1cc2cc([N+](=O)[O-])ccc2nc1Cl,0.3476827439714615,2.6089,236.614,4,0,73.1,2,2,0,3,0,0.001
O=Cc1cc2cc([N+](=O)[O-])ccc2nc1Cl,0.3476827439714615,2.6089,236.614,4,0,73.1,2,2,0,3,0,5.0
O=Cc1cc2cc([N+](=O)[O-])ccc2nc1Cl,0.3476827439714615,2.6089,236.614,4,0,73.1,2,2,0,3,0,0.25
O=Cc1cc2cc([N+](=O)[O-])ccc2nc1Cl,0.3476827439714615,2.6089,236.614,4,0,73.1,2,2,0,3,0,0.005
O=Cc1cc2cc([N+](=O)[O-])ccc2nc1Cl,0.3476827439714615,2.6089,236.614,4,0,73.1,2,2,0,3,0,2.0
O=Cc1cc2cc([N+](=O)[O-])ccc2nc1Cl,0.3476827439714615,2.6089,236.614,4,0,73.1,2,2,0,3,0,0.2
O=Cc1cc2cc([N+](=O)[O-])ccc2nc1Cl,0.3476827439714615,2.6089,236.614,4,0,73.1,2,2,0,3,0,0.4
O=Cc1cc2cc([N+](=O)[O-])ccc2nc1Cl,0.3476827439714615,2.6089,236.614,4,0,73.1,2,2,0,3,0,0.8
O=Cc1cc2cc([N+](=O)[O-])ccc2nc1Cl,0.3476827439714615,2.6089,236.614,4,0,73.1,2,2,0,3,0,2.5
CCN(CC)CCN1C(=O)C(=O)c2cc(Br)ccc21,0.7803361428196931,2.3202,325.206,3,0,40.620000000000005,5,2,0,2,0,1.0
CCN(CC)CCN1C(=O)C(=O)c2cc(Br)ccc21,0.7803361428196931,2.3202,325.206,3,0,40.620000000000005,5,2,0,2,0,0.1
CCN(CC)CCN1C(=O)C(=O)c2cc(Br)ccc21,0.7803361428196931,2.3202,325.206,3,0,40.620000000000005,5,2,0,2,0,0.01
CCN(CC)CCN1C(=O)C(=O)c2cc(Br)ccc21,0.7803361428196931,2.3202,325.206,3,0,40.620000000000005,5,2,0,2,0,0.5
CCN(CC)CCN1C(=O)C(=O)c2cc(Br)ccc21,0.7803361428196931,2.3202,325.206,3,0,40.620000000000005,5,2,0,2,0,0.05
CCN(CC)CCN1C(=O)C(=O)c2cc(Br)ccc21,0.7803361428196931,2.3202,325.206,3,0,40.620000000000005,5,2,0,2,0,0.001
CCN(CC)CCN1C(=O)C(=O)c2cc(Br)ccc21,0.7803361428196931,2.3202,325.206,3,0,40.620000000000005,5,2,0,2,0,5.0
CCN(CC)CCN1C(=O)C(=O)c2cc(Br)ccc21,0.7803361428196931,2.3202,325.206,3,0,40.620000000000005,5,2,0,2,0,0.25
CCN(CC)CCN1C(=O)C(=O)c2cc(Br)ccc21,0.7803361428196931,2.3202,325.206,3,0,40.620000000000005,5,2,0,2,0,0.005
CCN(CC)CCN1C(=O)C(=O)c2cc(Br)ccc21,0.7803361428196931,2.3202,325.206,3,0,40.620000000000005,5,2,0,2,0,2.0
CCN(CC)CCN1C(=O)C(=O)c2cc(Br)ccc21,0.7803361428196931,2.3202,325.206,3,0,40.620000000000005,5,2,0,2,0,0.2
CCN(CC)CCN1C(=O)C(=O)c2cc(Br)ccc21,0.7803361428196931,2.3202,325.206,3,0,40.620000000000005,5,2,0,2,0,0.4
CCN(CC)CCN1C(=O)C(=O)c2cc(Br)ccc21,0.7803361428196931,2.3202,325.206,3,0,40.620000000000005,5,2,0,2,0,0.8
CCN(CC)CCN1C(=O)C(=O)c2cc(Br)ccc21,0.7803361428196931,2.3202,325.206,3,0,40.620000000000005,5,2,0,2,0,2.5
CCc1ccc(/C=N\NC(N)=S)cc1,0.4475070691597976,1.4161,207.302,2,2,50.41,3,3,1,0,0,1.0
CCc1ccc(/C=N\NC(N)=S)cc1,0.4475070691597976,1.4161,207.302,2,2,50.41,3,3,1,0,0,0.1
CCc1ccc(/C=N\NC(N)=S)cc1,0.4475070691597976,1.4161,207.302,2,2,50.41,3,3,1,0,0,0.01
CCc1ccc(/C=N\NC(N)=S)cc1,0.4475070691597976,1.4161,207.302,2,2,50.41,3,3,1,0,0,0.5
CCc1ccc(/C=N\NC(N)=S)cc1,0.4475070691597976,1.4161,207.302,2,2,50.41,3,3,1,0,0,0.05
CCc1ccc(/C=N\NC(N)=S)cc1,0.4475070691597976,1.4161,207.302,2,2,50.41,3,3,1,0,0,0.001
CCc1ccc(/C=N\NC(N)=S)cc1,0.4475070691597976,1.4161,207.302,2,2,50.41,3,3,1,0,0,5.0
CCc1ccc(/C=N\NC(N)=S)cc1,0.4475070691597976,1.4161,207.302,2,2,50.41,3,3,1,0,0,0.25
CCc1ccc(/C=N\NC(N)=S)cc1,0.4475070691597976,1.4161,207.302,2,2,50.41,3,3,1,0,0,0.005
CCc1ccc(/C=N\NC(N)=S)cc1,0.4475070691597976,1.4161,207.302,2,2,50.41,3,3,1,0,0,2.0
CCc1ccc(/C=N\NC(N)=S)cc1,0.4475070691597976,1.4161,207.302,2,2,50.41,3,3,1,0,0,0.2
CCc1ccc(/C=N\NC(N)=S)cc1,0.4475070691597976,1.4161,207.302,2,2,50.41,3,3,1,0,0,0.4
CCc1ccc(/C=N\NC(N)=S)cc1,0.4475070691597976,1.4161,207.302,2,2,50.41,3,3,1,0,0,0.8
CCc1ccc(/C=N\NC(N)=S)cc1,0.4475070691597976,1.4161,207.302,2,2,50.41,3,3,1,0,0,2.5
Cc1ccc(-c2nc3ccccc3c(=O)n2C)cc1,0.6652758020273779,2.908920000000001,250.301,3,0,34.89,1,2,0,1,0,1.0
Cc1ccc(-c2nc3ccccc3c(=O)n2C)cc1,0.6652758020273779,2.908920000000001,250.301,3,0,34.89,1,2,0,1,0,0.1
Cc1ccc(-c2nc3ccccc3c(=O)n2C)cc1,0.6652758020273779,2.908920000000001,250.301,3,0,34.89,1,2,0,1,0,0.01
Cc1ccc(-c2nc3ccccc3c(=O)n2C)cc1,0.6652758020273779,2.908920000000001,250.301,3,0,34.89,1,2,0,1,0,0.5
Cc1ccc(-c2nc3ccccc3c(=O)n2C)cc1,0.6652758020273779,2.908920000000001,250.301,3,0,34.89,1,2,0,1,0,0.05
Cc1ccc(-c2nc3ccccc3c(=O)n2C)cc1,0.6652758020273779,2.908920000000001,250.301,3,0,34.89,1,2,0,1,0,0.001
Cc1ccc(-c2nc3ccccc3c(=O)n2C)cc1,0.6652758020273779,2.908920000000001,250.301,3,0,34.89,1,2,0,1,0,5.0
Cc1ccc(-c2nc3ccccc3c(=O)n2C)cc1,0.6652758020273779,2.908920000000001,250.301,3,0,34.89,1,2,0,1,0,0.25
Cc1ccc(-c2nc3ccccc3c(=O)n2C)cc1,0.6652758020273779,2.908920000000001,250.301,3,0,34.89,1,2,0,1,0,0.005
Cc1ccc(-c2nc3ccccc3c(=O)n2C)cc1,0.6652758020273779,2.908920000000001,250.301,3,0,34.89,1,2,0,1,0,2.0
Cc1ccc(-c2nc3ccccc3c(=O)n2C)cc1,0.6652758020273779,2.908920000000001,250.301,3,0,34.89,1,2,0,1,0,0.2
Cc1ccc(-c2nc3ccccc3c(=O)n2C)cc1,0.6652758020273779,2.908920000000001,250.301,3,0,34.89,1,2,0,1,0,0.4
Cc1ccc(-c2nc3ccccc3c(=O)n2C)cc1,0.6652758020273779,2.908920000000001,250.301,3,0,34.89,1,2,0,1,0,0.8
Cc1ccc(-c2nc3ccccc3c(=O)n2C)cc1,0.6652758020273779,2.908920000000001,250.301,3,0,34.89,1,2,0,1,0,2.5
CCCN(CCC)Cc1ccc2cccnc2c1O,0.860282465005017,3.562400000000004,258.365,3,1,36.36,6,2,0,1,0,1.0
CCCN(CCC)Cc1ccc2cccnc2c1O,0.860282465005017,3.562400000000004,258.365,3,1,36.36,6,2,0,1,0,0.1
CCCN(CCC)Cc1ccc2cccnc2c1O,0.860282465005017,3.562400000000004,258.365,3,1,36.36,6,2,0,1,0,0.01
CCCN(CCC)Cc1ccc2cccnc2c1O,0.860282465005017,3.562400000000004,258.365,3,1,36.36,6,2,0,1,0,0.5
CCCN(CCC)Cc1ccc2cccnc2c1O,0.860282465005017,3.562400000000004,258.365,3,1,36.36,6,2,0,1,0,0.05
CCCN(CCC)Cc1ccc2cccnc2c1O,0.860282465005017,3.562400000000004,258.365,3,1,36.36,6,2,0,1,0,0.001
CCCN(CCC)Cc1ccc2cccnc2c1O,0.860282465005017,3.562400000000004,258.365,3,1,36.36,6,2,0,1,0,5.0
CCCN(CCC)Cc1ccc2cccnc2c1O,0.860282465005017,3.562400000000004,258.365,3,1,36.36,6,2,0,1,0,0.25
CCCN(CCC)Cc1ccc2cccnc2c1O,0.860282465005017,3.562400000000004,258.365,3,1,36.36,6,2,0,1,0,0.005
CCCN(CCC)Cc1ccc2cccnc2c1O,0.860282465005017,3.562400000000004,258.365,3,1,36.36,6,2,0,1,0,2.0
CCCN(CCC)Cc1ccc2cccnc2c1O,0.860282465005017,3.562400000000004,258.365,3,1,36.36,6,2,0,1,0,0.2
CCCN(CCC)Cc1ccc2cccnc2c1O,0.860282465005017,3.562400000000004,258.365,3,1,36.36,6,2,0,1,0,0.4
CCCN(CCC)Cc1ccc2cccnc2c1O,0.860282465005017,3.562400000000004,258.365,3,1,36.36,6,2,0,1,0,0.8
CCCN(CCC)Cc1ccc2cccnc2c1O,0.860282465005017,3.562400000000004,258.365,3,1,36.36,6,2,0,1,0,2.5
COc1cc(O)ccc1-c1nc(-c2ccccc2)c(-c2ccccc2)n1-c1ccccc1,0.3502964199213517,6.587500000000006,418.4960000000001,4,1,47.28,5,2,0,2,0,1.0
COc1cc(O)ccc1-c1nc(-c2ccccc2)c(-c2ccccc2)n1-c1ccccc1,0.3502964199213517,6.587500000000006,418.4960000000001,4,1,47.28,5,2,0,2,0,0.1
COc1cc(O)ccc1-c1nc(-c2ccccc2)c(-c2ccccc2)n1-c1ccccc1,0.3502964199213517,6.587500000000006,418.4960000000001,4,1,47.28,5,2,0,2,0,0.01
COc1cc(O)ccc1-c1nc(-c2ccccc2)c(-c2ccccc2)n1-c1ccccc1,0.3502964199213517,6.587500000000006,418.4960000000001,4,1,47.28,5,2,0,2,0,0.5
COc1cc(O)ccc1-c1nc(-c2ccccc2)c(-c2ccccc2)n1-c1ccccc1,0.3502964199213517,6.587500000000006,418.4960000000001,4,1,47.28,5,2,0,2,0,0.05
COc1cc(O)ccc1-c1nc(-c2ccccc2)c(-c2ccccc2)n1-c1ccccc1,0.3502964199213517,6.587500000000006,418.4960000000001,4,1,47.28,5,2,0,2,0,0.001
COc1cc(O)ccc1-c1nc(-c2ccccc2)c(-c2ccccc2)n1-c1ccccc1,0.3502964199213517,6.587500000000006,418.4960000000001,4,1,47.28,5,2,0,2,0,5.0
COc1cc(O)ccc1-c1nc(-c2ccccc2)c(-c2ccccc2)n1-c1ccccc1,0.3502964199213517,6.587500000000006,418.4960000000001,4,1,47.28,5,2,0,2,0,0.25
COc1cc(O)ccc1-c1nc(-c2ccccc2)c(-c2ccccc2)n1-c1ccccc1,0.3502964199213517,6.587500000000006,418.4960000000001,4,1,47.28,5,2,0,2,0,0.005
COc1cc(O)ccc1-c1nc(-c2ccccc2)c(-c2ccccc2)n1-c1ccccc1,0.3502964199213517,6.587500000000006,418.4960000000001,4,1,47.28,5,2,0,2,0,2.0
COc1cc(O)ccc1-c1nc(-c2ccccc2)c(-c2ccccc2)n1-c1ccccc1,0.3502964199213517,6.587500000000006,418.4960000000001,4,1,47.28,5,2,0,2,0,0.2
COc1cc(O)ccc1-c1nc(-c2ccccc2)c(-c2ccccc2)n1-c1ccccc1,0.3502964199213517,6.587500000000006,418.4960000000001,4,1,47.28,5,2,0,2,0,0.4
COc1cc(O)ccc1-c1nc(-c2ccccc2)c(-c2ccccc2)n1-c1ccccc1,0.3502964199213517,6.587500000000006,418.4960000000001,4,1,47.28,5,2,0,2,0,0.8
COc1cc(O)ccc1-c1nc(-c2ccccc2)c(-c2ccccc2)n1-c1ccccc1,0.3502964199213517,6.587500000000006,418.4960000000001,4,1,47.28,5,2,0,2,0,2.5
C(=N/c1ccc(Cc2ccc(/N=C/c3ccc4ccccc4n3)cc2)cc1)\c1cccc2cccc2n1,0.2300604760291725,7.826600000000007,476.58300000000014,4,0,50.5,6,4,0,0,0,1.0
C(=N/c1ccc(Cc2ccc(/N=C/c3ccc4ccccc4n3)cc2)cc1)\c1cccc2cccc2n1,0.2300604760291725,7.826600000000007,476.58300000000014,4,0,50.5,6,4,0,0,0,0.1
C(=N/c1ccc(Cc2ccc(/N=C/c3ccc4ccccc4n3)cc2)cc1)\c1cccc2cccc2n1,0.2300604760291725,7.826600000000007,476.58300000000014,4,0,50.5,6,4,0,0,0,0.01
C(=N/c1ccc(Cc2ccc(/N=C/c3ccc4ccccc4n3)cc2)cc1)\c1cccc2cccc2n1,0.2300604760291725,7.826600000000007,476.58300000000014,4,0,50.5,6,4,0,0,0,0.5
C(=N/c1ccc(Cc2ccc(/N=C/c3ccc4ccccc4n3)cc2)cc1)\c1cccc2cccc2n1,0.2300604760291725,7.826600000000007,476.58300000000014,4,0,50.5,6,4,0,0,0,0.05
C(=N/c1ccc(Cc2ccc(/N=C/c3ccc4ccccc4n3)cc2)cc1)\c1cccc2cccc2n1,0.2300604760291725,7.826600000000007,476.58300000000014,4,0,50.5,6,4,0,0,0,0.001
C(=N/c1ccc(Cc2ccc(/N=C/c3ccc4ccccc4n3)cc2)cc1)\c1cccc2cccc2n1,0.2300604760291725,7.826600000000007,476.58300000000014,4,0,50.5,6,4,0,0,0,5.0
C(=N/c1ccc(Cc2ccc(/N=C/c3ccc4ccccc4n3)cc2)cc1)\c1cccc2cccc2n1,0.2300604760291725,7.826600000000007,476.58300000000014,4,0,50.5,6,4,0,0,0,0.25
C(=N/c1ccc(Cc2ccc(/N=C/c3ccc4ccccc4n3)cc2)cc1)\c1cccc2cccc2n1,0.2300604760291725,7.826600000000007,476.58300000000014,4,0,50.5,6,4,0,0,0,0.005
C(=N/c1ccc(Cc2ccc(/N=C/c3ccc4ccccc4n3)cc2)cc1)\c1cccc2cccc2n1,0.2300604760291725,7.826600000000007,476.58300000000014,4,0,50.5,6,4,0,0,0,2.0
C(=N/c1ccc(Cc2ccc(/N=C/c3ccc4ccccc4n3)cc2)cc1)\c1cccc2cccc2n1,0.2300604760291725,7.826600000000007,476.58300000000014,4,0,50.5,6,4,0,0,0,0.2
C(=N/c1ccc(Cc2ccc(/N=C/c3ccc4ccccc4n3)cc2)cc1)\c1cccc2cccc2n1,0.2300604760291725,7.826600000000007,476.58300000000014,4,0,50.5,6,4,0,0,0,0.4
C(=N/c1ccc(Cc2ccc(/N=C/c3ccc4ccccc4n3)cc2)cc1)\c1cccc2cccc2n1,0.2300604760291725,7.826600000000007,476.58300000000014,4,0,50.5,6,4,0,0,0,0.8
C(=N/c1ccc(Cc2ccc(/N=C/c3ccc4ccccc4n3)cc2)cc1)\c1cccc2cccc2n1,0.2300604760291725,7.826600000000007,476.58300000000014,4,0,50.5,6,4,0,0,0,2.5
Cc1ccc(/C=C/C(=O)c2ccc(OCC(=O)O)cc2)cc1,0.655569504188958,3.354520000000001,296.322,3,1,63.60000000000001,6,0,0,4,0,1.0
Cc1ccc(/C=C/C(=O)c2ccc(OCC(=O)O)cc2)cc1,0.655569504188958,3.354520000000001,296.322,3,1,63.60000000000001,6,0,0,4,0,0.1
Cc1ccc(/C=C/C(=O)c2ccc(OCC(=O)O)cc2)cc1,0.655569504188958,3.354520000000001,296.322,3,1,63.60000000000001,6,0,0,4,0,0.01
Cc1ccc(/C=C/C(=O)c2ccc(OCC(=O)O)cc2)cc1,0.655569504188958,3.354520000000001,296.322,3,1,63.60000000000001,6,0,0,4,0,0.5
Cc1ccc(/C=C/C(=O)c2ccc(OCC(=O)O)cc2)cc1,0.655569504188958,3.354520000000001,296.322,3,1,63.60000000000001,6,0,0,4,0,0.05
Cc1ccc(/C=C/C(=O)c2ccc(OCC(=O)O)cc2)cc1,0.655569504188958,3.354520000000001,296.322,3,1,63.60000000000001,6,0,0,4,0,0.001
Cc1ccc(/C=C/C(=O)c2ccc(OCC(=O)O)cc2)cc1,0.655569504188958,3.354520000000001,296.322,3,1,63.60000000000001,6,0,0,4,0,5.0
Cc1ccc(/C=C/C(=O)c2ccc(OCC(=O)O)cc2)cc1,0.655569504188958,3.354520000000001,296.322,3,1,63.60000000000001,6,0,0,4,0,0.25
Cc1ccc(/C=C/C(=O)c2ccc(OCC(=O)O)cc2)cc1,0.655569504188958,3.354520000000001,296.322,3,1,63.60000000000001,6,0,0,4,0,0.005
Cc1ccc(/C=C/C(=O)c2ccc(OCC(=O)O)cc2)cc1,0.655569504188958,3.354520000000001,296.322,3,1,63.60000000000001,6,0,0,4,0,2.0
Cc1ccc(/C=C/C(=O)c2ccc(OCC(=O)O)cc2)cc1,0.655569504188958,3.354520000000001,296.322,3,1,63.60000000000001,6,0,0,4,0,0.2
Cc1ccc(/C=C/C(=O)c2ccc(OCC(=O)O)cc2)cc1,0.655569504188958,3.354520000000001,296.322,3,1,63.60000000000001,6,0,0,4,0,0.4
Cc1ccc(/C=C/C(=O)c2ccc(OCC(=O)O)cc2)cc1,0.655569504188958,3.354520000000001,296.322,3,1,63.60000000000001,6,0,0,4,0,0.8
Cc1ccc(/C=C/C(=O)c2ccc(OCC(=O)O)cc2)cc1,0.655569504188958,3.354520000000001,296.322,3,1,63.60000000000001,6,0,0,4,0,2.5
Cc1ccc(/C=N\N=c2\[nH]c(C(C)(O)O)c(-c3ccc(Cl)cc3)s2)cc1,0.361340888263908,3.797120000000003,387.89200000000005,5,3,80.97,4,3,1,2,0,1.0
Cc1ccc(/C=N\N=c2\[nH]c(C(C)(O)O)c(-c3ccc(Cl)cc3)s2)cc1,0.361340888263908,3.797120000000003,387.89200000000005,5,3,80.97,4,3,1,2,0,0.1
Cc1ccc(/C=N\N=c2\[nH]c(C(C)(O)O)c(-c3ccc(Cl)cc3)s2)cc1,0.361340888263908,3.797120000000003,387.89200000000005,5,3,80.97,4,3,1,2,0,0.01
Cc1ccc(/C=N\N=c2\[nH]c(C(C)(O)O)c(-c3ccc(Cl)cc3)s2)cc1,0.361340888263908,3.797120000000003,387.89200000000005,5,3,80.97,4,3,1,2,0,0.5
Cc1ccc(/C=N\N=c2\[nH]c(C(C)(O)O)c(-c3ccc(Cl)cc3)s2)cc1,0.361340888263908,3.797120000000003,387.89200000000005,5,3,80.97,4,3,1,2,0,0.05
Cc1ccc(/C=N\N=c2\[nH]c(C(C)(O)O)c(-c3ccc(Cl)cc3)s2)cc1,0.361340888263908,3.797120000000003,387.89200000000005,5,3,80.97,4,3,1,2,0,0.001
Cc1ccc(/C=N\N=c2\[nH]c(C(C)(O)O)c(-c3ccc(Cl)cc3)s2)cc1,0.361340888263908,3.797120000000003,387.89200000000005,5,3,80.97,4,3,1,2,0,5.0
Cc1ccc(/C=N\N=c2\[nH]c(C(C)(O)O)c(-c3ccc(Cl)cc3)s2)cc1,0.361340888263908,3.797120000000003,387.89200000000005,5,3,80.97,4,3,1,2,0,0.25
Cc1ccc(/C=N\N=c2\[nH]c(C(C)(O)O)c(-c3ccc(Cl)cc3)s2)cc1,0.361340888263908,3.797120000000003,387.89200000000005,5,3,80.97,4,3,1,2,0,0.005
Cc1ccc(/C=N\N=c2\[nH]c(C(C)(O)O)c(-c3ccc(Cl)cc3)s2)cc1,0.361340888263908,3.797120000000003,387.89200000000005,5,3,80.97,4,3,1,2,0,2.0
Cc1ccc(/C=N\N=c2\[nH]c(C(C)(O)O)c(-c3ccc(Cl)cc3)s2)cc1,0.361340888263908,3.797120000000003,387.89200000000005,5,3,80.97,4,3,1,2,0,0.2
Cc1ccc(/C=N\N=c2\[nH]c(C(C)(O)O)c(-c3ccc(Cl)cc3)s2)cc1,0.361340888263908,3.797120000000003,387.89200000000005,5,3,80.97,4,3,1,2,0,0.4
Cc1ccc(/C=N\N=c2\[nH]c(C(C)(O)O)c(-c3ccc(Cl)cc3)s2)cc1,0.361340888263908,3.797120000000003,387.89200000000005,5,3,80.97,4,3,1,2,0,0.8
Cc1ccc(/C=N\N=c2\[nH]c(C(C)(O)O)c(-c3ccc(Cl)cc3)s2)cc1,0.361340888263908,3.797120000000003,387.89200000000005,5,3,80.97,4,3,1,2,0,2.5
CC(C)N(C(=S)NCc1ccccc1)C(C)C,0.8263166927764379,3.1799000000000017,250.41100000000003,1,1,15.27,4,2,1,0,0,1.0
CC(C)N(C(=S)NCc1ccccc1)C(C)C,0.8263166927764379,3.1799000000000017,250.41100000000003,1,1,15.27,4,2,1,0,0,0.1
CC(C)N(C(=S)NCc1ccccc1)C(C)C,0.8263166927764379,3.1799000000000017,250.41100000000003,1,1,15.27,4,2,1,0,0,0.01
CC(C)N(C(=S)NCc1ccccc1)C(C)C,0.8263166927764379,3.1799000000000017,250.41100000000003,1,1,15.27,4,2,1,0,0,0.5
CC(C)N(C(=S)NCc1ccccc1)C(C)C,0.8263166927764379,3.1799000000000017,250.41100000000003,1,1,15.27,4,2,1,0,0,0.05
CC(C)N(C(=S)NCc1ccccc1)C(C)C,0.8263166927764379,3.1799000000000017,250.41100000000003,1,1,15.27,4,2,1,0,0,0.001
CC(C)N(C(=S)NCc1ccccc1)C(C)C,0.8263166927764379,3.1799000000000017,250.41100000000003,1,1,15.27,4,2,1,0,0,5.0
CC(C)N(C(=S)NCc1ccccc1)C(C)C,0.8263166927764379,3.1799000000000017,250.41100000000003,1,1,15.27,4,2,1,0,0,0.25
CC(C)N(C(=S)NCc1ccccc1)C(C)C,0.8263166927764379,3.1799000000000017,250.41100000000003,1,1,15.27,4,2,1,0,0,0.005
CC(C)N(C(=S)NCc1ccccc1)C(C)C,0.8263166927764379,3.1799000000000017,250.41100000000003,1,1,15.27,4,2,1,0,0,2.0
CC(C)N(C(=S)NCc1ccccc1)C(C)C,0.8263166927764379,3.1799000000000017,250.41100000000003,1,1,15.27,4,2,1,0,0,0.2
CC(C)N(C(=S)NCc1ccccc1)C(C)C,0.8263166927764379,3.1799000000000017,250.41100000000003,1,1,15.27,4,2,1,0,0,0.4
CC(C)N(C(=S)NCc1ccccc1)C(C)C,0.8263166927764379,3.1799000000000017,250.41100000000003,1,1,15.27,4,2,1,0,0,0.8
CC(C)N(C(=S)NCc1ccccc1)C(C)C,0.8263166927764379,3.1799000000000017,250.41100000000003,1,1,15.27,4,2,1,0,0,2.5
CCCCCCCCCCCC[N+](C)(C)CCOCCO.[Br-],0.3188405694046152,0.9966000000000024,382.427,2,1,29.46,16,1,0,2,0,1.0
CCCCCCCCCCCC[N+](C)(C)CCOCCO.[Br-],0.3188405694046152,0.9966000000000024,382.427,2,1,29.46,16,1,0,2,0,0.1
CCCCCCCCCCCC[N+](C)(C)CCOCCO.[Br-],0.3188405694046152,0.9966000000000024,382.427,2,1,29.46,16,1,0,2,0,0.01
CCCCCCCCCCCC[N+](C)(C)CCOCCO.[Br-],0.3188405694046152,0.9966000000000024,382.427,2,1,29.46,16,1,0,2,0,0.5
CCCCCCCCCCCC[N+](C)(C)CCOCCO.[Br-],0.3188405694046152,0.9966000000000024,382.427,2,1,29.46,16,1,0,2,0,0.05
CCCCCCCCCCCC[N+](C)(C)CCOCCO.[Br-],0.3188405694046152,0.9966000000000024,382.427,2,1,29.46,16,1,0,2,0,0.001
CCCCCCCCCCCC[N+](C)(C)CCOCCO.[Br-],0.3188405694046152,0.9966000000000024,382.427,2,1,29.46,16,1,0,2,0,5.0
CCCCCCCCCCCC[N+](C)(C)CCOCCO.[Br-],0.3188405694046152,0.9966000000000024,382.427,2,1,29.46,16,1,0,2,0,0.25
CCCCCCCCCCCC[N+](C)(C)CCOCCO.[Br-],0.3188405694046152,0.9966000000000024,382.427,2,1,29.46,16,1,0,2,0,0.005
CCCCCCCCCCCC[N+](C)(C)CCOCCO.[Br-],0.3188405694046152,0.9966000000000024,382.427,2,1,29.46,16,1,0,2,0,2.0
CCCCCCCCCCCC[N+](C)(C)CCOCCO.[Br-],0.3188405694046152,0.9966000000000024,382.427,2,1,29.46,16,1,0,2,0,0.2
CCCCCCCCCCCC[N+](C)(C)CCOCCO.[Br-],0.3188405694046152,0.9966000000000024,382.427,2,1,29.46,16,1,0,2,0,0.4
CCCCCCCCCCCC[N+](C)(C)CCOCCO.[Br-],0.3188405694046152,0.9966000000000024,382.427,2,1,29.46,16,1,0,2,0,0.8
CCCCCCCCCCCC[N+](C)(C)CCOCCO.[Br-],0.3188405694046152,0.9966000000000024,382.427,2,1,29.46,16,1,0,2,0,2.5
NC(=S)N/N=C/c1cccnc1,0.38881658316851,0.2486999999999999,180.236,3,2,63.3,2,4,1,0,0,1.0
NC(=S)N/N=C/c1cccnc1,0.38881658316851,0.2486999999999999,180.236,3,2,63.3,2,4,1,0,0,0.1
NC(=S)N/N=C/c1cccnc1,0.38881658316851,0.2486999999999999,180.236,3,2,63.3,2,4,1,0,0,0.01
NC(=S)N/N=C/c1cccnc1,0.38881658316851,0.2486999999999999,180.236,3,2,63.3,2,4,1,0,0,0.5
NC(=S)N/N=C/c1cccnc1,0.38881658316851,0.2486999999999999,180.236,3,2,63.3,2,4,1,0,0,0.05
NC(=S)N/N=C/c1cccnc1,0.38881658316851,0.2486999999999999,180.236,3,2,63.3,2,4,1,0,0,0.001
NC(=S)N/N=C/c1cccnc1,0.38881658316851,0.2486999999999999,180.236,3,2,63.3,2,4,1,0,0,5.0
NC(=S)N/N=C/c1cccnc1,0.38881658316851,0.2486999999999999,180.236,3,2,63.3,2,4,1,0,0,0.25
NC(=S)N/N=C/c1cccnc1,0.38881658316851,0.2486999999999999,180.236,3,2,63.3,2,4,1,0,0,0.005
NC(=S)N/N=C/c1cccnc1,0.38881658316851,0.2486999999999999,180.236,3,2,63.3,2,4,1,0,0,2.0
NC(=S)N/N=C/c1cccnc1,0.38881658316851,0.2486999999999999,180.236,3,2,63.3,2,4,1,0,0,0.2
NC(=S)N/N=C/c1cccnc1,0.38881658316851,0.2486999999999999,180.236,3,2,63.3,2,4,1,0,0,0.4
NC(=S)N/N=C/c1cccnc1,0.38881658316851,0.2486999999999999,180.236,3,2,63.3,2,4,1,0,0,0.8
NC(=S)N/N=C/c1cccnc1,0.38881658316851,0.2486999999999999,180.236,3,2,63.3,2,4,1,0,0,2.5
C(=N/c1ccc(-c2ccc(/N=C/c3ccsc3)cc2)cc1)\c1ccsc1,0.3376842191881669,6.977800000000005,372.518,4,0,24.72,5,2,2,0,0,1.0
C(=N/c1ccc(-c2ccc(/N=C/c3ccsc3)cc2)cc1)\c1ccsc1,0.3376842191881669,6.977800000000005,372.518,4,0,24.72,5,2,2,0,0,0.1
C(=N/c1ccc(-c2ccc(/N=C/c3ccsc3)cc2)cc1)\c1ccsc1,0.3376842191881669,6.977800000000005,372.518,4,0,24.72,5,2,2,0,0,0.01
C(=N/c1ccc(-c2ccc(/N=C/c3ccsc3)cc2)cc1)\c1ccsc1,0.3376842191881669,6.977800000000005,372.518,4,0,24.72,5,2,2,0,0,0.5
C(=N/c1ccc(-c2ccc(/N=C/c3ccsc3)cc2)cc1)\c1ccsc1,0.3376842191881669,6.977800000000005,372.518,4,0,24.72,5,2,2,0,0,0.05
C(=N/c1ccc(-c2ccc(/N=C/c3ccsc3)cc2)cc1)\c1ccsc1,0.3376842191881669,6.977800000000005,372.518,4,0,24.72,5,2,2,0,0,0.001
C(=N/c1ccc(-c2ccc(/N=C/c3ccsc3)cc2)cc1)\c1ccsc1,0.3376842191881669,6.977800000000005,372.518,4,0,24.72,5,2,2,0,0,5.0
C(=N/c1ccc(-c2ccc(/N=C/c3ccsc3)cc2)cc1)\c1ccsc1,0.3376842191881669,6.977800000000005,372.518,4,0,24.72,5,2,2,0,0,0.25
C(=N/c1ccc(-c2ccc(/N=C/c3ccsc3)cc2)cc1)\c1ccsc1,0.3376842191881669,6.977800000000005,372.518,4,0,24.72,5,2,2,0,0,0.005
C(=N/c1ccc(-c2ccc(/N=C/c3ccsc3)cc2)cc1)\c1ccsc1,0.3376842191881669,6.977800000000005,372.518,4,0,24.72,5,2,2,0,0,2.0
C(=N/c1ccc(-c2ccc(/N=C/c3ccsc3)cc2)cc1)\c1ccsc1,0.3376842191881669,6.977800000000005,372.518,4,0,24.72,5,2,2,0,0,0.2
C(=N/c1ccc(-c2ccc(/N=C/c3ccsc3)cc2)cc1)\c1ccsc1,0.3376842191881669,6.977800000000005,372.518,4,0,24.72,5,2,2,0,0,0.4
C(=N/c1ccc(-c2ccc(/N=C/c3ccsc3)cc2)cc1)\c1ccsc1,0.3376842191881669,6.977800000000005,372.518,4,0,24.72,5,2,2,0,0,0.8
C(=N/c1ccc(-c2ccc(/N=C/c3ccsc3)cc2)cc1)\c1ccsc1,0.3376842191881669,6.977800000000005,372.518,4,0,24.72,5,2,2,0,0,2.5
CCCCCCNc1nc(NCCCN(C)C)nc(Nc2nc3ccccc3[nH]2)n1,0.3143137000566958,3.8473000000000015,411.5580000000001,8,4,106.68,13,9,0,0,0,1.0
CCCCCCNc1nc(NCCCN(C)C)nc(Nc2nc3ccccc3[nH]2)n1,0.3143137000566958,3.8473000000000015,411.5580000000001,8,4,106.68,13,9,0,0,0,0.1
CCCCCCNc1nc(NCCCN(C)C)nc(Nc2nc3ccccc3[nH]2)n1,0.3143137000566958,3.8473000000000015,411.5580000000001,8,4,106.68,13,9,0,0,0,0.01
CCCCCCNc1nc(NCCCN(C)C)nc(Nc2nc3ccccc3[nH]2)n1,0.3143137000566958,3.8473000000000015,411.5580000000001,8,4,106.68,13,9,0,0,0,0.5
CCCCCCNc1nc(NCCCN(C)C)nc(Nc2nc3ccccc3[nH]2)n1,0.3143137000566958,3.8473000000000015,411.5580000000001,8,4,106.68,13,9,0,0,0,0.05
CCCCCCNc1nc(NCCCN(C)C)nc(Nc2nc3ccccc3[nH]2)n1,0.3143137000566958,3.8473000000000015,411.5580000000001,8,4,106.68,13,9,0,0,0,0.001
CCCCCCNc1nc(NCCCN(C)C)nc(Nc2nc3ccccc3[nH]2)n1,0.3143137000566958,3.8473000000000015,411.5580000000001,8,4,106.68,13,9,0,0,0,5.0
CCCCCCNc1nc(NCCCN(C)C)nc(Nc2nc3ccccc3[nH]2)n1,0.3143137000566958,3.8473000000000015,411.5580000000001,8,4,106.68,13,9,0,0,0,0.25
CCCCCCNc1nc(NCCCN(C)C)nc(Nc2nc3ccccc3[nH]2)n1,0.3143137000566958,3.8473000000000015,411.5580000000001,8,4,106.68,13,9,0,0,0,0.005
CCCCCCNc1nc(NCCCN(C)C)nc(Nc2nc3ccccc3[nH]2)n1,0.3143137000566958,3.8473000000000015,411.5580000000001,8,4,106.68,13,9,0,0,0,2.0
CCCCCCNc1nc(NCCCN(C)C)nc(Nc2nc3ccccc3[nH]2)n1,0.3143137000566958,3.8473000000000015,411.5580000000001,8,4,106.68,13,9,0,0,0,0.2
CCCCCCNc1nc(NCCCN(C)C)nc(Nc2nc3ccccc3[nH]2)n1,0.3143137000566958,3.8473000000000015,411.5580000000001,8,4,106.68,13,9,0,0,0,0.4
CCCCCCNc1nc(NCCCN(C)C)nc(Nc2nc3ccccc3[nH]2)n1,0.3143137000566958,3.8473000000000015,411.5580000000001,8,4,106.68,13,9,0,0,0,0.8
CCCCCCNc1nc(NCCCN(C)C)nc(Nc2nc3ccccc3[nH]2)n1,0.3143137000566958,3.8473000000000015,411.5580000000001,8,4,106.68,13,9,0,0,0,2.5
O=[N+]([O-])c1ccc(-c2nc3ccccc3[nH]2)cc1,0.5511785307845071,3.138100000000001,239.23400000000004,3,1,71.82,2,3,0,2,0,1.0
O=[N+]([O-])c1ccc(-c2nc3ccccc3[nH]2)cc1,0.5511785307845071,3.138100000000001,239.23400000000004,3,1,71.82,2,3,0,2,0,0.1
O=[N+]([O-])c1ccc(-c2nc3ccccc3[nH]2)cc1,0.5511785307845071,3.138100000000001,239.23400000000004,3,1,71.82,2,3,0,2,0,0.01
O=[N+]([O-])c1ccc(-c2nc3ccccc3[nH]2)cc1,0.5511785307845071,3.138100000000001,239.23400000000004,3,1,71.82,2,3,0,2,0,0.5
O=[N+]([O-])c1ccc(-c2nc3ccccc3[nH]2)cc1,0.5511785307845071,3.138100000000001,239.23400000000004,3,1,71.82,2,3,0,2,0,0.05
O=[N+]([O-])c1ccc(-c2nc3ccccc3[nH]2)cc1,0.5511785307845071,3.138100000000001,239.23400000000004,3,1,71.82,2,3,0,2,0,0.001
O=[N+]([O-])c1ccc(-c2nc3ccccc3[nH]2)cc1,0.5511785307845071,3.138100000000001,239.23400000000004,3,1,71.82,2,3,0,2,0,5.0
O=[N+]([O-])c1ccc(-c2nc3ccccc3[nH]2)cc1,0.5511785307845071,3.138100000000001,239.23400000000004,3,1,71.82,2,3,0,2,0,0.25
O=[N+]([O-])c1ccc(-c2nc3ccccc3[nH]2)cc1,0.5511785307845071,3.138100000000001,239.23400000000004,3,1,71.82,2,3,0,2,0,0.005
O=[N+]([O-])c1ccc(-c2nc3ccccc3[nH]2)cc1,0.5511785307845071,3.138100000000001,239.23400000000004,3,1,71.82,2,3,0,2,0,2.0
O=[N+]([O-])c1ccc(-c2nc3ccccc3[nH]2)cc1,0.5511785307845071,3.138100000000001,239.23400000000004,3,1,71.82,2,3,0,2,0,0.2
O=[N+]([O-])c1ccc(-c2nc3ccccc3[nH]2)cc1,0.5511785307845071,3.138100000000001,239.23400000000004,3,1,71.82,2,3,0,2,0,0.4
O=[N+]([O-])c1ccc(-c2nc3ccccc3[nH]2)cc1,0.5511785307845071,3.138100000000001,239.23400000000004,3,1,71.82,2,3,0,2,0,0.8
O=[N+]([O-])c1ccc(-c2nc3ccccc3[nH]2)cc1,0.5511785307845071,3.138100000000001,239.23400000000004,3,1,71.82,2,3,0,2,0,2.5
CN(C)c1ccc(/C=C/c2nc3ccccc3[nH]c2=O)cc1,0.8061135674954474,3.1595000000000004,291.354,3,1,48.99,3,3,0,1,0,1.0
CN(C)c1ccc(/C=C/c2nc3ccccc3[nH]c2=O)cc1,0.8061135674954474,3.1595000000000004,291.354,3,1,48.99,3,3,0,1,0,0.1
CN(C)c1ccc(/C=C/c2nc3ccccc3[nH]c2=O)cc1,0.8061135674954474,3.1595000000000004,291.354,3,1,48.99,3,3,0,1,0,0.01
CN(C)c1ccc(/C=C/c2nc3ccccc3[nH]c2=O)cc1,0.8061135674954474,3.1595000000000004,291.354,3,1,48.99,3,3,0,1,0,0.5
CN(C)c1ccc(/C=C/c2nc3ccccc3[nH]c2=O)cc1,0.8061135674954474,3.1595000000000004,291.354,3,1,48.99,3,3,0,1,0,0.05
CN(C)c1ccc(/C=C/c2nc3ccccc3[nH]c2=O)cc1,0.8061135674954474,3.1595000000000004,291.354,3,1,48.99,3,3,0,1,0,0.001
CN(C)c1ccc(/C=C/c2nc3ccccc3[nH]c2=O)cc1,0.8061135674954474,3.1595000000000004,291.354,3,1,48.99,3,3,0,1,0,5.0
CN(C)c1ccc(/C=C/c2nc3ccccc3[nH]c2=O)cc1,0.8061135674954474,3.1595000000000004,291.354,3,1,48.99,3,3,0,1,0,0.25
CN(C)c1ccc(/C=C/c2nc3ccccc3[nH]c2=O)cc1,0.8061135674954474,3.1595000000000004,291.354,3,1,48.99,3,3,0,1,0,0.005
CN(C)c1ccc(/C=C/c2nc3ccccc3[nH]c2=O)cc1,0.8061135674954474,3.1595000000000004,291.354,3,1,48.99,3,3,0,1,0,2.0
CN(C)c1ccc(/C=C/c2nc3ccccc3[nH]c2=O)cc1,0.8061135674954474,3.1595000000000004,291.354,3,1,48.99,3,3,0,1,0,0.2
CN(C)c1ccc(/C=C/c2nc3ccccc3[nH]c2=O)cc1,0.8061135674954474,3.1595000000000004,291.354,3,1,48.99,3,3,0,1,0,0.4
CN(C)c1ccc(/C=C/c2nc3ccccc3[nH]c2=O)cc1,0.8061135674954474,3.1595000000000004,291.354,3,1,48.99,3,3,0,1,0,0.8
CN(C)c1ccc(/C=C/c2nc3ccccc3[nH]c2=O)cc1,0.8061135674954474,3.1595000000000004,291.354,3,1,48.99,3,3,0,1,0,2.5
CCC[n+]1ccc(C(=O)N/N=C/c2ccc(F)cc2)cc1.[I-],0.2996233372698553,-0.7088999999999992,413.234,2,1,45.34,5,3,0,1,0,1.0
CCC[n+]1ccc(C(=O)N/N=C/c2ccc(F)cc2)cc1.[I-],0.2996233372698553,-0.7088999999999992,413.234,2,1,45.34,5,3,0,1,0,0.1
CCC[n+]1ccc(C(=O)N/N=C/c2ccc(F)cc2)cc1.[I-],0.2996233372698553,-0.7088999999999992,413.234,2,1,45.34,5,3,0,1,0,0.01
CCC[n+]1ccc(C(=O)N/N=C/c2ccc(F)cc2)cc1.[I-],0.2996233372698553,-0.7088999999999992,413.234,2,1,45.34,5,3,0,1,0,0.5
CCC[n+]1ccc(C(=O)N/N=C/c2ccc(F)cc2)cc1.[I-],0.2996233372698553,-0.7088999999999992,413.234,2,1,45.34,5,3,0,1,0,0.05
CCC[n+]1ccc(C(=O)N/N=C/c2ccc(F)cc2)cc1.[I-],0.2996233372698553,-0.7088999999999992,413.234,2,1,45.34,5,3,0,1,0,0.001
CCC[n+]1ccc(C(=O)N/N=C/c2ccc(F)cc2)cc1.[I-],0.2996233372698553,-0.7088999999999992,413.234,2,1,45.34,5,3,0,1,0,5.0
CCC[n+]1ccc(C(=O)N/N=C/c2ccc(F)cc2)cc1.[I-],0.2996233372698553,-0.7088999999999992,413.234,2,1,45.34,5,3,0,1,0,0.25
CCC[n+]1ccc(C(=O)N/N=C/c2ccc(F)cc2)cc1.[I-],0.2996233372698553,-0.7088999999999992,413.234,2,1,45.34,5,3,0,1,0,0.005
CCC[n+]1ccc(C(=O)N/N=C/c2ccc(F)cc2)cc1.[I-],0.2996233372698553,-0.7088999999999992,413.234,2,1,45.34,5,3,0,1,0,2.0
CCC[n+]1ccc(C(=O)N/N=C/c2ccc(F)cc2)cc1.[I-],0.2996233372698553,-0.7088999999999992,413.234,2,1,45.34,5,3,0,1,0,0.2
CCC[n+]1ccc(C(=O)N/N=C/c2ccc(F)cc2)cc1.[I-],0.2996233372698553,-0.7088999999999992,413.234,2,1,45.34,5,3,0,1,0,0.4
CCC[n+]1ccc(C(=O)N/N=C/c2ccc(F)cc2)cc1.[I-],0.2996233372698553,-0.7088999999999992,413.234,2,1,45.34,5,3,0,1,0,0.8
CCC[n+]1ccc(C(=O)N/N=C/c2ccc(F)cc2)cc1.[I-],0.2996233372698553,-0.7088999999999992,413.234,2,1,45.34,5,3,0,1,0,2.5
CC1(C)COC(=S)N1,0.4881455870223184,0.6697,131.20000000000002,2,1,21.26,0,1,1,1,0,1.0
CC1(C)COC(=S)N1,0.4881455870223184,0.6697,131.20000000000002,2,1,21.26,0,1,1,1,0,0.1
CC1(C)COC(=S)N1,0.4881455870223184,0.6697,131.20000000000002,2,1,21.26,0,1,1,1,0,0.01
CC1(C)COC(=S)N1,0.4881455870223184,0.6697,131.20000000000002,2,1,21.26,0,1,1,1,0,0.5
CC1(C)COC(=S)N1,0.4881455870223184,0.6697,131.20000000000002,2,1,21.26,0,1,1,1,0,0.05
CC1(C)COC(=S)N1,0.4881455870223184,0.6697,131.20000000000002,2,1,21.26,0,1,1,1,0,0.001
CC1(C)COC(=S)N1,0.4881455870223184,0.6697,131.20000000000002,2,1,21.26,0,1,1,1,0,5.0
CC1(C)COC(=S)N1,0.4881455870223184,0.6697,131.20000000000002,2,1,21.26,0,1,1,1,0,0.25
CC1(C)COC(=S)N1,0.4881455870223184,0.6697,131.20000000000002,2,1,21.26,0,1,1,1,0,0.005
CC1(C)COC(=S)N1,0.4881455870223184,0.6697,131.20000000000002,2,1,21.26,0,1,1,1,0,2.0
CC1(C)COC(=S)N1,0.4881455870223184,0.6697,131.20000000000002,2,1,21.26,0,1,1,1,0,0.2
CC1(C)COC(=S)N1,0.4881455870223184,0.6697,131.20000000000002,2,1,21.26,0,1,1,1,0,0.4
CC1(C)COC(=S)N1,0.4881455870223184,0.6697,131.20000000000002,2,1,21.26,0,1,1,1,0,0.8
CC1(C)COC(=S)N1,0.4881455870223184,0.6697,131.20000000000002,2,1,21.26,0,1,1,1,0,2.5
Nc1nc(-c2ccc(O)cc2)cs1,0.7269827726738789,2.0979,192.243,4,2,59.14,1,2,1,1,0,1.0
Nc1nc(-c2ccc(O)cc2)cs1,0.7269827726738789,2.0979,192.243,4,2,59.14,1,2,1,1,0,0.1
Nc1nc(-c2ccc(O)cc2)cs1,0.7269827726738789,2.0979,192.243,4,2,59.14,1,2,1,1,0,0.01
Nc1nc(-c2ccc(O)cc2)cs1,0.7269827726738789,2.0979,192.243,4,2,59.14,1,2,1,1,0,0.5
Nc1nc(-c2ccc(O)cc2)cs1,0.7269827726738789,2.0979,192.243,4,2,59.14,1,2,1,1,0,0.05
Nc1nc(-c2ccc(O)cc2)cs1,0.7269827726738789,2.0979,192.243,4,2,59.14,1,2,1,1,0,0.001
Nc1nc(-c2ccc(O)cc2)cs1,0.7269827726738789,2.0979,192.243,4,2,59.14,1,2,1,1,0,5.0
Nc1nc(-c2ccc(O)cc2)cs1,0.7269827726738789,2.0979,192.243,4,2,59.14,1,2,1,1,0,0.25
Nc1nc(-c2ccc(O)cc2)cs1,0.7269827726738789,2.0979,192.243,4,2,59.14,1,2,1,1,0,0.005
Nc1nc(-c2ccc(O)cc2)cs1,0.7269827726738789,2.0979,192.243,4,2,59.14,1,2,1,1,0,2.0
Nc1nc(-c2ccc(O)cc2)cs1,0.7269827726738789,2.0979,192.243,4,2,59.14,1,2,1,1,0,0.2
Nc1nc(-c2ccc(O)cc2)cs1,0.7269827726738789,2.0979,192.243,4,2,59.14,1,2,1,1,0,0.4
Nc1nc(-c2ccc(O)cc2)cs1,0.7269827726738789,2.0979,192.243,4,2,59.14,1,2,1,1,0,0.8
Nc1nc(-c2ccc(O)cc2)cs1,0.7269827726738789,2.0979,192.243,4,2,59.14,1,2,1,1,0,2.5
COc1ccc(/C=N/c2ccc(-c3ccc(/N=C/c4ccc(OC)cc4)cc3)cc2)cc1,0.3061544420376582,6.872000000000007,420.5120000000001,4,0,43.18000000000001,7,2,0,2,0,1.0
COc1ccc(/C=N/c2ccc(-c3ccc(/N=C/c4ccc(OC)cc4)cc3)cc2)cc1,0.3061544420376582,6.872000000000007,420.5120000000001,4,0,43.18000000000001,7,2,0,2,0,0.1
COc1ccc(/C=N/c2ccc(-c3ccc(/N=C/c4ccc(OC)cc4)cc3)cc2)cc1,0.3061544420376582,6.872000000000007,420.5120000000001,4,0,43.18000000000001,7,2,0,2,0,0.01
COc1ccc(/C=N/c2ccc(-c3ccc(/N=C/c4ccc(OC)cc4)cc3)cc2)cc1,0.3061544420376582,6.872000000000007,420.5120000000001,4,0,43.18000000000001,7,2,0,2,0,0.5
COc1ccc(/C=N/c2ccc(-c3ccc(/N=C/c4ccc(OC)cc4)cc3)cc2)cc1,0.3061544420376582,6.872000000000007,420.5120000000001,4,0,43.18000000000001,7,2,0,2,0,0.05
COc1ccc(/C=N/c2ccc(-c3ccc(/N=C/c4ccc(OC)cc4)cc3)cc2)cc1,0.3061544420376582,6.872000000000007,420.5120000000001,4,0,43.18000000000001,7,2,0,2,0,0.001
COc1ccc(/C=N/c2ccc(-c3ccc(/N=C/c4ccc(OC)cc4)cc3)cc2)cc1,0.3061544420376582,6.872000000000007,420.5120000000001,4,0,43.18000000000001,7,2,0,2,0,5.0
COc1ccc(/C=N/c2ccc(-c3ccc(/N=C/c4ccc(OC)cc4)cc3)cc2)cc1,0.3061544420376582,6.872000000000007,420.5120000000001,4,0,43.18000000000001,7,2,0,2,0,0.25
COc1ccc(/C=N/c2ccc(-c3ccc(/N=C/c4ccc(OC)cc4)cc3)cc2)cc1,0.3061544420376582,6.872000000000007,420.5120000000001,4,0,43.18000000000001,7,2,0,2,0,0.005
COc1ccc(/C=N/c2ccc(-c3ccc(/N=C/c4ccc(OC)cc4)cc3)cc2)cc1,0.3061544420376582,6.872000000000007,420.5120000000001,4,0,43.18000000000001,7,2,0,2,0,2.0
COc1ccc(/C=N/c2ccc(-c3ccc(/N=C/c4ccc(OC)cc4)cc3)cc2)cc1,0.3061544420376582,6.872000000000007,420.5120000000001,4,0,43.18000000000001,7,2,0,2,0,0.2
COc1ccc(/C=N/c2ccc(-c3ccc(/N=C/c4ccc(OC)cc4)cc3)cc2)cc1,0.3061544420376582,6.872000000000007,420.5120000000001,4,0,43.18000000000001,7,2,0,2,0,0.4
COc1ccc(/C=N/c2ccc(-c3ccc(/N=C/c4ccc(OC)cc4)cc3)cc2)cc1,0.3061544420376582,6.872000000000007,420.5120000000001,4,0,43.18000000000001,7,2,0,2,0,0.8
COc1ccc(/C=N/c2ccc(-c3ccc(/N=C/c4ccc(OC)cc4)cc3)cc2)cc1,0.3061544420376582,6.872000000000007,420.5120000000001,4,0,43.18000000000001,7,2,0,2,0,2.5
Nc1nc2ccccc2[nH]1,0.5658999712435825,1.1451,133.15399999999997,2,2,54.7,0,3,0,0,0,1.0
Nc1nc2ccccc2[nH]1,0.5658999712435825,1.1451,133.15399999999997,2,2,54.7,0,3,0,0,0,0.1
Nc1nc2ccccc2[nH]1,0.5658999712435825,1.1451,133.15399999999997,2,2,54.7,0,3,0,0,0,0.01
Nc1nc2ccccc2[nH]1,0.5658999712435825,1.1451,133.15399999999997,2,2,54.7,0,3,0,0,0,0.5
Nc1nc2ccccc2[nH]1,0.5658999712435825,1.1451,133.15399999999997,2,2,54.7,0,3,0,0,0,0.05
Nc1nc2ccccc2[nH]1,0.5658999712435825,1.1451,133.15399999999997,2,2,54.7,0,3,0,0,0,0.001
Nc1nc2ccccc2[nH]1,0.5658999712435825,1.1451,133.15399999999997,2,2,54.7,0,3,0,0,0,5.0
Nc1nc2ccccc2[nH]1,0.5658999712435825,1.1451,133.15399999999997,2,2,54.7,0,3,0,0,0,0.25
Nc1nc2ccccc2[nH]1,0.5658999712435825,1.1451,133.15399999999997,2,2,54.7,0,3,0,0,0,0.005
Nc1nc2ccccc2[nH]1,0.5658999712435825,1.1451,133.15399999999997,2,2,54.7,0,3,0,0,0,2.0
Nc1nc2ccccc2[nH]1,0.5658999712435825,1.1451,133.15399999999997,2,2,54.7,0,3,0,0,0,0.2
Nc1nc2ccccc2[nH]1,0.5658999712435825,1.1451,133.15399999999997,2,2,54.7,0,3,0,0,0,0.4
Nc1nc2ccccc2[nH]1,0.5658999712435825,1.1451,133.15399999999997,2,2,54.7,0,3,0,0,0,0.8
Nc1nc2ccccc2[nH]1,0.5658999712435825,1.1451,133.15399999999997,2,2,54.7,0,3,0,0,0,2.5
[N-]=[N+]=NCc1cc(CN2CCCCC2)c(O)c2ncccc12,0.5296835730137298,3.736600000000002,297.362,4,1,85.12,4,5,0,1,0,1.0
[N-]=[N+]=NCc1cc(CN2CCCCC2)c(O)c2ncccc12,0.5296835730137298,3.736600000000002,297.362,4,1,85.12,4,5,0,1,0,0.1
[N-]=[N+]=NCc1cc(CN2CCCCC2)c(O)c2ncccc12,0.5296835730137298,3.736600000000002,297.362,4,1,85.12,4,5,0,1,0,0.01
[N-]=[N+]=NCc1cc(CN2CCCCC2)c(O)c2ncccc12,0.5296835730137298,3.736600000000002,297.362,4,1,85.12,4,5,0,1,0,0.5
[N-]=[N+]=NCc1cc(CN2CCCCC2)c(O)c2ncccc12,0.5296835730137298,3.736600000000002,297.362,4,1,85.12,4,5,0,1,0,0.05
[N-]=[N+]=NCc1cc(CN2CCCCC2)c(O)c2ncccc12,0.5296835730137298,3.736600000000002,297.362,4,1,85.12,4,5,0,1,0,0.001
[N-]=[N+]=NCc1cc(CN2CCCCC2)c(O)c2ncccc12,0.5296835730137298,3.736600000000002,297.362,4,1,85.12,4,5,0,1,0,5.0
[N-]=[N+]=NCc1cc(CN2CCCCC2)c(O)c2ncccc12,0.5296835730137298,3.736600000000002,297.362,4,1,85.12,4,5,0,1,0,0.25
[N-]=[N+]=NCc1cc(CN2CCCCC2)c(O)c2ncccc12,0.5296835730137298,3.736600000000002,297.362,4,1,85.12,4,5,0,1,0,0.005
[N-]=[N+]=NCc1cc(CN2CCCCC2)c(O)c2ncccc12,0.5296835730137298,3.736600000000002,297.362,4,1,85.12,4,5,0,1,0,2.0
[N-]=[N+]=NCc1cc(CN2CCCCC2)c(O)c2ncccc12,0.5296835730137298,3.736600000000002,297.362,4,1,85.12,4,5,0,1,0,0.2
[N-]=[N+]=NCc1cc(CN2CCCCC2)c(O)c2ncccc12,0.5296835730137298,3.736600000000002,297.362,4,1,85.12,4,5,0,1,0,0.4
[N-]=[N+]=NCc1cc(CN2CCCCC2)c(O)c2ncccc12,0.5296835730137298,3.736600000000002,297.362,4,1,85.12,4,5,0,1,0,0.8
[N-]=[N+]=NCc1cc(CN2CCCCC2)c(O)c2ncccc12,0.5296835730137298,3.736600000000002,297.362,4,1,85.12,4,5,0,1,0,2.5
C=C(C)n1c(=O)n(Cc2ccc(O)c3ncccc23)c2ccccc21,0.6238850590367908,3.5957000000000026,331.37500000000006,5,1,60.05,3,3,0,2,0,1.0
C=C(C)n1c(=O)n(Cc2ccc(O)c3ncccc23)c2ccccc21,0.6238850590367908,3.5957000000000026,331.37500000000006,5,1,60.05,3,3,0,2,0,0.1
C=C(C)n1c(=O)n(Cc2ccc(O)c3ncccc23)c2ccccc21,0.6238850590367908,3.5957000000000026,331.37500000000006,5,1,60.05,3,3,0,2,0,0.01
C=C(C)n1c(=O)n(Cc2ccc(O)c3ncccc23)c2ccccc21,0.6238850590367908,3.5957000000000026,331.37500000000006,5,1,60.05,3,3,0,2,0,0.5
C=C(C)n1c(=O)n(Cc2ccc(O)c3ncccc23)c2ccccc21,0.6238850590367908,3.5957000000000026,331.37500000000006,5,1,60.05,3,3,0,2,0,0.05
C=C(C)n1c(=O)n(Cc2ccc(O)c3ncccc23)c2ccccc21,0.6238850590367908,3.5957000000000026,331.37500000000006,5,1,60.05,3,3,0,2,0,0.001
C=C(C)n1c(=O)n(Cc2ccc(O)c3ncccc23)c2ccccc21,0.6238850590367908,3.5957000000000026,331.37500000000006,5,1,60.05,3,3,0,2,0,5.0
C=C(C)n1c(=O)n(Cc2ccc(O)c3ncccc23)c2ccccc21,0.6238850590367908,3.5957000000000026,331.37500000000006,5,1,60.05,3,3,0,2,0,0.25
C=C(C)n1c(=O)n(Cc2ccc(O)c3ncccc23)c2ccccc21,0.6238850590367908,3.5957000000000026,331.37500000000006,5,1,60.05,3,3,0,2,0,0.005
C=C(C)n1c(=O)n(Cc2ccc(O)c3ncccc23)c2ccccc21,0.6238850590367908,3.5957000000000026,331.37500000000006,5,1,60.05,3,3,0,2,0,2.0
C=C(C)n1c(=O)n(Cc2ccc(O)c3ncccc23)c2ccccc21,0.6238850590367908,3.5957000000000026,331.37500000000006,5,1,60.05,3,3,0,2,0,0.2
C=C(C)n1c(=O)n(Cc2ccc(O)c3ncccc23)c2ccccc21,0.6238850590367908,3.5957000000000026,331.37500000000006,5,1,60.05,3,3,0,2,0,0.4
C=C(C)n1c(=O)n(Cc2ccc(O)c3ncccc23)c2ccccc21,0.6238850590367908,3.5957000000000026,331.37500000000006,5,1,60.05,3,3,0,2,0,0.8
C=C(C)n1c(=O)n(Cc2ccc(O)c3ncccc23)c2ccccc21,0.6238850590367908,3.5957000000000026,331.37500000000006,5,1,60.05,3,3,0,2,0,2.5
Clc1ccc(-n2ccnc2)cc1,0.6563802978814093,2.5257,178.622,2,0,17.82,1,2,0,0,0,1.0
Clc1ccc(-n2ccnc2)cc1,0.6563802978814093,2.5257,178.622,2,0,17.82,1,2,0,0,0,0.1
Clc1ccc(-n2ccnc2)cc1,0.6563802978814093,2.5257,178.622,2,0,17.82,1,2,0,0,0,0.01
Clc1ccc(-n2ccnc2)cc1,0.6563802978814093,2.5257,178.622,2,0,17.82,1,2,0,0,0,0.5
Clc1ccc(-n2ccnc2)cc1,0.6563802978814093,2.5257,178.622,2,0,17.82,1,2,0,0,0,0.05
Clc1ccc(-n2ccnc2)cc1,0.6563802978814093,2.5257,178.622,2,0,17.82,1,2,0,0,0,0.001
Clc1ccc(-n2ccnc2)cc1,0.6563802978814093,2.5257,178.622,2,0,17.82,1,2,0,0,0,5.0
Clc1ccc(-n2ccnc2)cc1,0.6563802978814093,2.5257,178.622,2,0,17.82,1,2,0,0,0,0.25
Clc1ccc(-n2ccnc2)cc1,0.6563802978814093,2.5257,178.622,2,0,17.82,1,2,0,0,0,0.005
Clc1ccc(-n2ccnc2)cc1,0.6563802978814093,2.5257,178.622,2,0,17.82,1,2,0,0,0,2.0
Clc1ccc(-n2ccnc2)cc1,0.6563802978814093,2.5257,178.622,2,0,17.82,1,2,0,0,0,0.2
Clc1ccc(-n2ccnc2)cc1,0.6563802978814093,2.5257,178.622,2,0,17.82,1,2,0,0,0,0.4
Clc1ccc(-n2ccnc2)cc1,0.6563802978814093,2.5257,178.622,2,0,17.82,1,2,0,0,0,0.8
Clc1ccc(-n2ccnc2)cc1,0.6563802978814093,2.5257,178.622,2,0,17.82,1,2,0,0,0,2.5
CC(C)(C)c1ccc(CSc2nnc(Cn3cncn3)o2)cc1,0.6689872636304394,3.2992000000000017,329.42900000000003,7,0,69.63,5,5,1,1,0,1.0
CC(C)(C)c1ccc(CSc2nnc(Cn3cncn3)o2)cc1,0.6689872636304394,3.2992000000000017,329.42900000000003,7,0,69.63,5,5,1,1,0,0.1
CC(C)(C)c1ccc(CSc2nnc(Cn3cncn3)o2)cc1,0.6689872636304394,3.2992000000000017,329.42900000000003,7,0,69.63,5,5,1,1,0,0.01
CC(C)(C)c1ccc(CSc2nnc(Cn3cncn3)o2)cc1,0.6689872636304394,3.2992000000000017,329.42900000000003,7,0,69.63,5,5,1,1,0,0.5
CC(C)(C)c1ccc(CSc2nnc(Cn3cncn3)o2)cc1,0.6689872636304394,3.2992000000000017,329.42900000000003,7,0,69.63,5,5,1,1,0,0.05
CC(C)(C)c1ccc(CSc2nnc(Cn3cncn3)o2)cc1,0.6689872636304394,3.2992000000000017,329.42900000000003,7,0,69.63,5,5,1,1,0,0.001
CC(C)(C)c1ccc(CSc2nnc(Cn3cncn3)o2)cc1,0.6689872636304394,3.2992000000000017,329.42900000000003,7,0,69.63,5,5,1,1,0,5.0
CC(C)(C)c1ccc(CSc2nnc(Cn3cncn3)o2)cc1,0.6689872636304394,3.2992000000000017,329.42900000000003,7,0,69.63,5,5,1,1,0,0.25
CC(C)(C)c1ccc(CSc2nnc(Cn3cncn3)o2)cc1,0.6689872636304394,3.2992000000000017,329.42900000000003,7,0,69.63,5,5,1,1,0,0.005
CC(C)(C)c1ccc(CSc2nnc(Cn3cncn3)o2)cc1,0.6689872636304394,3.2992000000000017,329.42900000000003,7,0,69.63,5,5,1,1,0,2.0
CC(C)(C)c1ccc(CSc2nnc(Cn3cncn3)o2)cc1,0.6689872636304394,3.2992000000000017,329.42900000000003,7,0,69.63,5,5,1,1,0,0.2
CC(C)(C)c1ccc(CSc2nnc(Cn3cncn3)o2)cc1,0.6689872636304394,3.2992000000000017,329.42900000000003,7,0,69.63,5,5,1,1,0,0.4
CC(C)(C)c1ccc(CSc2nnc(Cn3cncn3)o2)cc1,0.6689872636304394,3.2992000000000017,329.42900000000003,7,0,69.63,5,5,1,1,0,0.8
CC(C)(C)c1ccc(CSc2nnc(Cn3cncn3)o2)cc1,0.6689872636304394,3.2992000000000017,329.42900000000003,7,0,69.63,5,5,1,1,0,2.5
CC(C)(C)OC(=O)NCc1ccc(O)c2ncccc12,0.8827956093505809,2.9651000000000014,274.32,4,2,71.45,2,2,0,3,0,1.0
CC(C)(C)OC(=O)NCc1ccc(O)c2ncccc12,0.8827956093505809,2.9651000000000014,274.32,4,2,71.45,2,2,0,3,0,0.1
CC(C)(C)OC(=O)NCc1ccc(O)c2ncccc12,0.8827956093505809,2.9651000000000014,274.32,4,2,71.45,2,2,0,3,0,0.01
CC(C)(C)OC(=O)NCc1ccc(O)c2ncccc12,0.8827956093505809,2.9651000000000014,274.32,4,2,71.45,2,2,0,3,0,0.5
CC(C)(C)OC(=O)NCc1ccc(O)c2ncccc12,0.8827956093505809,2.9651000000000014,274.32,4,2,71.45,2,2,0,3,0,0.05
CC(C)(C)OC(=O)NCc1ccc(O)c2ncccc12,0.8827956093505809,2.9651000000000014,274.32,4,2,71.45,2,2,0,3,0,0.001
CC(C)(C)OC(=O)NCc1ccc(O)c2ncccc12,0.8827956093505809,2.9651000000000014,274.32,4,2,71.45,2,2,0,3,0,5.0
CC(C)(C)OC(=O)NCc1ccc(O)c2ncccc12,0.8827956093505809,2.9651000000000014,274.32,4,2,71.45,2,2,0,3,0,0.25
CC(C)(C)OC(=O)NCc1ccc(O)c2ncccc12,0.8827956093505809,2.9651000000000014,274.32,4,2,71.45,2,2,0,3,0,0.005
CC(C)(C)OC(=O)NCc1ccc(O)c2ncccc12,0.8827956093505809,2.9651000000000014,274.32,4,2,71.45,2,2,0,3,0,2.0
CC(C)(C)OC(=O)NCc1ccc(O)c2ncccc12,0.8827956093505809,2.9651000000000014,274.32,4,2,71.45,2,2,0,3,0,0.2
CC(C)(C)OC(=O)NCc1ccc(O)c2ncccc12,0.8827956093505809,2.9651000000000014,274.32,4,2,71.45,2,2,0,3,0,0.4
CC(C)(C)OC(=O)NCc1ccc(O)c2ncccc12,0.8827956093505809,2.9651000000000014,274.32,4,2,71.45,2,2,0,3,0,0.8
CC(C)(C)OC(=O)NCc1ccc(O)c2ncccc12,0.8827956093505809,2.9651000000000014,274.32,4,2,71.45,2,2,0,3,0,2.5
C[NH+]1CCN(CCO)C1.O=S(=O)([N-]S(=O)(=O)C(F)(F)C(F)(F)F)C(F)(F)C(F)(F)F,0.4899472769254461,0.0964000000000021,511.36,6,2,110.29,6,3,2,5,0,1.0
C[NH+]1CCN(CCO)C1.O=S(=O)([N-]S(=O)(=O)C(F)(F)C(F)(F)F)C(F)(F)C(F)(F)F,0.4899472769254461,0.0964000000000021,511.36,6,2,110.29,6,3,2,5,0,0.1
C[NH+]1CCN(CCO)C1.O=S(=O)([N-]S(=O)(=O)C(F)(F)C(F)(F)F)C(F)(F)C(F)(F)F,0.4899472769254461,0.0964000000000021,511.36,6,2,110.29,6,3,2,5,0,0.01
C[NH+]1CCN(CCO)C1.O=S(=O)([N-]S(=O)(=O)C(F)(F)C(F)(F)F)C(F)(F)C(F)(F)F,0.4899472769254461,0.0964000000000021,511.36,6,2,110.29,6,3,2,5,0,0.5
C[NH+]1CCN(CCO)C1.O=S(=O)([N-]S(=O)(=O)C(F)(F)C(F)(F)F)C(F)(F)C(F)(F)F,0.4899472769254461,0.0964000000000021,511.36,6,2,110.29,6,3,2,5,0,0.05
C[NH+]1CCN(CCO)C1.O=S(=O)([N-]S(=O)(=O)C(F)(F)C(F)(F)F)C(F)(F)C(F)(F)F,0.4899472769254461,0.0964000000000021,511.36,6,2,110.29,6,3,2,5,0,0.001
C[NH+]1CCN(CCO)C1.O=S(=O)([N-]S(=O)(=O)C(F)(F)C(F)(F)F)C(F)(F)C(F)(F)F,0.4899472769254461,0.0964000000000021,511.36,6,2,110.29,6,3,2,5,0,5.0
C[NH+]1CCN(CCO)C1.O=S(=O)([N-]S(=O)(=O)C(F)(F)C(F)(F)F)C(F)(F)C(F)(F)F,0.4899472769254461,0.0964000000000021,511.36,6,2,110.29,6,3,2,5,0,0.25
C[NH+]1CCN(CCO)C1.O=S(=O)([N-]S(=O)(=O)C(F)(F)C(F)(F)F)C(F)(F)C(F)(F)F,0.4899472769254461,0.0964000000000021,511.36,6,2,110.29,6,3,2,5,0,0.005
C[NH+]1CCN(CCO)C1.O=S(=O)([N-]S(=O)(=O)C(F)(F)C(F)(F)F)C(F)(F)C(F)(F)F,0.4899472769254461,0.0964000000000021,511.36,6,2,110.29,6,3,2,5,0,2.0
C[NH+]1CCN(CCO)C1.O=S(=O)([N-]S(=O)(=O)C(F)(F)C(F)(F)F)C(F)(F)C(F)(F)F,0.4899472769254461,0.0964000000000021,511.36,6,2,110.29,6,3,2,5,0,0.2
C[NH+]1CCN(CCO)C1.O=S(=O)([N-]S(=O)(=O)C(F)(F)C(F)(F)F)C(F)(F)C(F)(F)F,0.4899472769254461,0.0964000000000021,511.36,6,2,110.29,6,3,2,5,0,0.4
C[NH+]1CCN(CCO)C1.O=S(=O)([N-]S(=O)(=O)C(F)(F)C(F)(F)F)C(F)(F)C(F)(F)F,0.4899472769254461,0.0964000000000021,511.36,6,2,110.29,6,3,2,5,0,0.8
C[NH+]1CCN(CCO)C1.O=S(=O)([N-]S(=O)(=O)C(F)(F)C(F)(F)F)C(F)(F)C(F)(F)F,0.4899472769254461,0.0964000000000021,511.36,6,2,110.29,6,3,2,5,0,2.5
Cc1cc(O)c(C(=O)/C=C/c2cccc3cccnc23)c(=O)o1,0.5938004039431848,3.0981200000000024,307.3050000000001,5,1,80.39999999999999,3,1,0,4,0,1.0
Cc1cc(O)c(C(=O)/C=C/c2cccc3cccnc23)c(=O)o1,0.5938004039431848,3.0981200000000024,307.3050000000001,5,1,80.39999999999999,3,1,0,4,0,0.1
Cc1cc(O)c(C(=O)/C=C/c2cccc3cccnc23)c(=O)o1,0.5938004039431848,3.0981200000000024,307.3050000000001,5,1,80.39999999999999,3,1,0,4,0,0.01
Cc1cc(O)c(C(=O)/C=C/c2cccc3cccnc23)c(=O)o1,0.5938004039431848,3.0981200000000024,307.3050000000001,5,1,80.39999999999999,3,1,0,4,0,0.5
Cc1cc(O)c(C(=O)/C=C/c2cccc3cccnc23)c(=O)o1,0.5938004039431848,3.0981200000000024,307.3050000000001,5,1,80.39999999999999,3,1,0,4,0,0.05
Cc1cc(O)c(C(=O)/C=C/c2cccc3cccnc23)c(=O)o1,0.5938004039431848,3.0981200000000024,307.3050000000001,5,1,80.39999999999999,3,1,0,4,0,0.001
Cc1cc(O)c(C(=O)/C=C/c2cccc3cccnc23)c(=O)o1,0.5938004039431848,3.0981200000000024,307.3050000000001,5,1,80.39999999999999,3,1,0,4,0,5.0
Cc1cc(O)c(C(=O)/C=C/c2cccc3cccnc23)c(=O)o1,0.5938004039431848,3.0981200000000024,307.3050000000001,5,1,80.39999999999999,3,1,0,4,0,0.25
Cc1cc(O)c(C(=O)/C=C/c2cccc3cccnc23)c(=O)o1,0.5938004039431848,3.0981200000000024,307.3050000000001,5,1,80.39999999999999,3,1,0,4,0,0.005
Cc1cc(O)c(C(=O)/C=C/c2cccc3cccnc23)c(=O)o1,0.5938004039431848,3.0981200000000024,307.3050000000001,5,1,80.39999999999999,3,1,0,4,0,2.0
Cc1cc(O)c(C(=O)/C=C/c2cccc3cccnc23)c(=O)o1,0.5938004039431848,3.0981200000000024,307.3050000000001,5,1,80.39999999999999,3,1,0,4,0,0.2
Cc1cc(O)c(C(=O)/C=C/c2cccc3cccnc23)c(=O)o1,0.5938004039431848,3.0981200000000024,307.3050000000001,5,1,80.39999999999999,3,1,0,4,0,0.4
Cc1cc(O)c(C(=O)/C=C/c2cccc3cccnc23)c(=O)o1,0.5938004039431848,3.0981200000000024,307.3050000000001,5,1,80.39999999999999,3,1,0,4,0,0.8
Cc1cc(O)c(C(=O)/C=C/c2cccc3cccnc23)c(=O)o1,0.5938004039431848,3.0981200000000024,307.3050000000001,5,1,80.39999999999999,3,1,0,4,0,2.5
O=P(O)(O)C(O)c1ccccc1,0.6011117194307162,0.8552,188.119,2,3,77.76,2,0,0,4,1,1.0
O=P(O)(O)C(O)c1ccccc1,0.6011117194307162,0.8552,188.119,2,3,77.76,2,0,0,4,1,0.1
O=P(O)(O)C(O)c1ccccc1,0.6011117194307162,0.8552,188.119,2,3,77.76,2,0,0,4,1,0.01
O=P(O)(O)C(O)c1ccccc1,0.6011117194307162,0.8552,188.119,2,3,77.76,2,0,0,4,1,0.5
O=P(O)(O)C(O)c1ccccc1,0.6011117194307162,0.8552,188.119,2,3,77.76,2,0,0,4,1,0.05
O=P(O)(O)C(O)c1ccccc1,0.6011117194307162,0.8552,188.119,2,3,77.76,2,0,0,4,1,0.001
O=P(O)(O)C(O)c1ccccc1,0.6011117194307162,0.8552,188.119,2,3,77.76,2,0,0,4,1,5.0
O=P(O)(O)C(O)c1ccccc1,0.6011117194307162,0.8552,188.119,2,3,77.76,2,0,0,4,1,0.25
O=P(O)(O)C(O)c1ccccc1,0.6011117194307162,0.8552,188.119,2,3,77.76,2,0,0,4,1,0.005
O=P(O)(O)C(O)c1ccccc1,0.6011117194307162,0.8552,188.119,2,3,77.76,2,0,0,4,1,2.0
O=P(O)(O)C(O)c1ccccc1,0.6011117194307162,0.8552,188.119,2,3,77.76,2,0,0,4,1,0.2
O=P(O)(O)C(O)c1ccccc1,0.6011117194307162,0.8552,188.119,2,3,77.76,2,0,0,4,1,0.4
O=P(O)(O)C(O)c1ccccc1,0.6011117194307162,0.8552,188.119,2,3,77.76,2,0,0,4,1,0.8
O=P(O)(O)C(O)c1ccccc1,0.6011117194307162,0.8552,188.119,2,3,77.76,2,0,0,4,1,2.5
O=C(CS)OCCOCCOCCOCCOCCOCCOCCOCCOCCOCCOCCOCCOCCOCCOC(=O)CS,0.0485692253337569,0.1482000000000121,782.965,19,2,172.59,44,0,2,17,0,1.0
O=C(CS)OCCOCCOCCOCCOCCOCCOCCOCCOCCOCCOCCOCCOCCOCCOC(=O)CS,0.0485692253337569,0.1482000000000121,782.965,19,2,172.59,44,0,2,17,0,0.1
O=C(CS)OCCOCCOCCOCCOCCOCCOCCOCCOCCOCCOCCOCCOCCOCCOC(=O)CS,0.0485692253337569,0.1482000000000121,782.965,19,2,172.59,44,0,2,17,0,0.01
O=C(CS)OCCOCCOCCOCCOCCOCCOCCOCCOCCOCCOCCOCCOCCOCCOC(=O)CS,0.0485692253337569,0.1482000000000121,782.965,19,2,172.59,44,0,2,17,0,0.5
O=C(CS)OCCOCCOCCOCCOCCOCCOCCOCCOCCOCCOCCOCCOCCOCCOC(=O)CS,0.0485692253337569,0.1482000000000121,782.965,19,2,172.59,44,0,2,17,0,0.05
O=C(CS)OCCOCCOCCOCCOCCOCCOCCOCCOCCOCCOCCOCCOCCOCCOC(=O)CS,0.0485692253337569,0.1482000000000121,782.965,19,2,172.59,44,0,2,17,0,0.001
O=C(CS)OCCOCCOCCOCCOCCOCCOCCOCCOCCOCCOCCOCCOCCOCCOC(=O)CS,0.0485692253337569,0.1482000000000121,782.965,19,2,172.59,44,0,2,17,0,5.0
O=C(CS)OCCOCCOCCOCCOCCOCCOCCOCCOCCOCCOCCOCCOCCOCCOC(=O)CS,0.0485692253337569,0.1482000000000121,782.965,19,2,172.59,44,0,2,17,0,0.25
O=C(CS)OCCOCCOCCOCCOCCOCCOCCOCCOCCOCCOCCOCCOCCOCCOC(=O)CS,0.0485692253337569,0.1482000000000121,782.965,19,2,172.59,44,0,2,17,0,0.005
O=C(CS)OCCOCCOCCOCCOCCOCCOCCOCCOCCOCCOCCOCCOCCOCCOC(=O)CS,0.0485692253337569,0.1482000000000121,782.965,19,2,172.59,44,0,2,17,0,2.0
O=C(CS)OCCOCCOCCOCCOCCOCCOCCOCCOCCOCCOCCOCCOCCOCCOC(=O)CS,0.0485692253337569,0.1482000000000121,782.965,19,2,172.59,44,0,2,17,0,0.2
O=C(CS)OCCOCCOCCOCCOCCOCCOCCOCCOCCOCCOCCOCCOCCOCCOC(=O)CS,0.0485692253337569,0.1482000000000121,782.965,19,2,172.59,44,0,2,17,0,0.4
O=C(CS)OCCOCCOCCOCCOCCOCCOCCOCCOCCOCCOCCOCCOCCOCCOC(=O)CS,0.0485692253337569,0.1482000000000121,782.965,19,2,172.59,44,0,2,17,0,0.8
O=C(CS)OCCOCCOCCOCCOCCOCCOCCOCCOCCOCCOCCOCCOCCOCCOC(=O)CS,0.0485692253337569,0.1482000000000121,782.965,19,2,172.59,44,0,2,17,0,2.5
NC1=CC=CC=C1C1=NC2=CC=CC=C2N1,0.6053313627202738,2.8121,209.25200000000004,2,2,54.7,1,3,0,0,0,1.0
NC1=CC=CC=C1C1=NC2=CC=CC=C2N1,0.6053313627202738,2.8121,209.25200000000004,2,2,54.7,1,3,0,0,0,0.1
NC1=CC=CC=C1C1=NC2=CC=CC=C2N1,0.6053313627202738,2.8121,209.25200000000004,2,2,54.7,1,3,0,0,0,0.01
NC1=CC=CC=C1C1=NC2=CC=CC=C2N1,0.6053313627202738,2.8121,209.25200000000004,2,2,54.7,1,3,0,0,0,0.5
NC1=CC=CC=C1C1=NC2=CC=CC=C2N1,0.6053313627202738,2.8121,209.25200000000004,2,2,54.7,1,3,0,0,0,0.05
NC1=CC=CC=C1C1=NC2=CC=CC=C2N1,0.6053313627202738,2.8121,209.25200000000004,2,2,54.7,1,3,0,0,0,0.001
NC1=CC=CC=C1C1=NC2=CC=CC=C2N1,0.6053313627202738,2.8121,209.25200000000004,2,2,54.7,1,3,0,0,0,5.0
NC1=CC=CC=C1C1=NC2=CC=CC=C2N1,0.6053313627202738,2.8121,209.25200000000004,2,2,54.7,1,3,0,0,0,0.25
NC1=CC=CC=C1C1=NC2=CC=CC=C2N1,0.6053313627202738,2.8121,209.25200000000004,2,2,54.7,1,3,0,0,0,0.005
NC1=CC=CC=C1C1=NC2=CC=CC=C2N1,0.6053313627202738,2.8121,209.25200000000004,2,2,54.7,1,3,0,0,0,2.0
NC1=CC=CC=C1C1=NC2=CC=CC=C2N1,0.6053313627202738,2.8121,209.25200000000004,2,2,54.7,1,3,0,0,0,0.2
NC1=CC=CC=C1C1=NC2=CC=CC=C2N1,0.6053313627202738,2.8121,209.25200000000004,2,2,54.7,1,3,0,0,0,0.4
NC1=CC=CC=C1C1=NC2=CC=CC=C2N1,0.6053313627202738,2.8121,209.25200000000004,2,2,54.7,1,3,0,0,0,0.8
NC1=CC=CC=C1C1=NC2=CC=CC=C2N1,0.6053313627202738,2.8121,209.25200000000004,2,2,54.7,1,3,0,0,0,2.5
Nc1ccccc1F,0.5030676848790229,1.4079,111.119,1,1,26.02,0,1,0,0,0,1.0
Nc1ccccc1F,0.5030676848790229,1.4079,111.119,1,1,26.02,0,1,0,0,0,0.1
Nc1ccccc1F,0.5030676848790229,1.4079,111.119,1,1,26.02,0,1,0,0,0,0.01
Nc1ccccc1F,0.5030676848790229,1.4079,111.119,1,1,26.02,0,1,0,0,0,0.5
Nc1ccccc1F,0.5030676848790229,1.4079,111.119,1,1,26.02,0,1,0,0,0,0.05
Nc1ccccc1F,0.5030676848790229,1.4079,111.119,1,1,26.02,0,1,0,0,0,0.001
Nc1ccccc1F,0.5030676848790229,1.4079,111.119,1,1,26.02,0,1,0,0,0,5.0
Nc1ccccc1F,0.5030676848790229,1.4079,111.119,1,1,26.02,0,1,0,0,0,0.25
Nc1ccccc1F,0.5030676848790229,1.4079,111.119,1,1,26.02,0,1,0,0,0,0.005
Nc1ccccc1F,0.5030676848790229,1.4079,111.119,1,1,26.02,0,1,0,0,0,2.0
Nc1ccccc1F,0.5030676848790229,1.4079,111.119,1,1,26.02,0,1,0,0,0,0.2
Nc1ccccc1F,0.5030676848790229,1.4079,111.119,1,1,26.02,0,1,0,0,0,0.4
Nc1ccccc1F,0.5030676848790229,1.4079,111.119,1,1,26.02,0,1,0,0,0,0.8
Nc1ccccc1F,0.5030676848790229,1.4079,111.119,1,1,26.02,0,1,0,0,0,2.5
