SMILES,QED,LogP,MolWt,HBA,HBD,TPSA,NumRotBonds,N_count,S_count,O_count,P_count,Concentration_mM,IE
C[NH+]1CCN(CCO)C1.O=S(=O)([N-]S(=O)(=O)C(F)(F)F)C(F)(F)F,0.5642749540498659,-1.174199999999997,411.346,6,2,110.29,4,3,2,5,0,1.0,0.2949925000000008
C[NH+]1CCN(CCO)C1.O=S(=O)([N-]S(=O)(=O)C(F)(F)F)C(F)(F)F,0.5642749540498659,-1.174199999999997,411.346,6,2,110.29,4,3,2,5,0,0.1,0.03795850000000005
C[NH+]1CCN(CCO)C1.O=S(=O)([N-]S(=O)(=O)C(F)(F)F)C(F)(F)F,0.5642749540498659,-1.174199999999997,411.346,6,2,110.29,4,3,2,5,0,0.01,0.04924500000000017
C[NH+]1CCN(CCO)C1.O=S(=O)([N-]S(=O)(=O)C(F)(F)F)C(F)(F)F,0.5642749540498659,-1.174199999999997,411.346,6,2,110.29,4,3,2,5,0,0.5,0.15928000000000034
C[NH+]1CCN(CCO)C1.O=S(=O)([N-]S(=O)(=O)C(F)(F)F)C(F)(F)F,0.5642749540498659,-1.174199999999997,411.346,6,2,110.29,4,3,2,5,0,0.05,0.04924500000000017
C[NH+]1CCN(CCO)C1.O=S(=O)([N-]S(=O)(=O)C(F)(F)F)C(F)(F)F,0.5642749540498659,-1.174199999999997,411.346,6,2,110.29,4,3,2,5,0,0.001,0.04688900000000016
C[NH+]1CCN(CCO)C1.O=S(=O)([N-]S(=O)(=O)C(F)(F)F)C(F)(F)F,0.5642749540498659,-1.174199999999997,411.346,6,2,110.29,4,3,2,5,0,5.0,0.33027750000000067
C[NH+]1CCN(CCO)C1.O=S(=O)([N-]S(=O)(=O)C(F)(F)F)C(F)(F)F,0.5642749540498659,-1.174199999999997,411.346,6,2,110.29,4,3,2,5,0,0.25,0.06900550000000019
C[NH+]1CCN(CCO)C1.O=S(=O)([N-]S(=O)(=O)C(F)(F)F)C(F)(F)F,0.5642749540498659,-1.174199999999997,411.346,6,2,110.29,4,3,2,5,0,0.005,0.04688900000000016
C[NH+]1CCN(CCO)C1.O=S(=O)([N-]S(=O)(=O)C(F)(F)F)C(F)(F)F,0.5642749540498659,-1.174199999999997,411.346,6,2,110.29,4,3,2,5,0,2.0,0.3261080000000007
C[NH+]1CCN(CCO)C1.O=S(=O)([N-]S(=O)(=O)C(F)(F)F)C(F)(F)F,0.5642749540498659,-1.174199999999997,411.346,6,2,110.29,4,3,2,5,0,0.2,0.06900550000000019
C[NH+]1CCN(CCO)C1.O=S(=O)([N-]S(=O)(=O)C(F)(F)F)C(F)(F)F,0.5642749540498659,-1.174199999999997,411.346,6,2,110.29,4,3,2,5,0,0.4,0.15928000000000034
C[NH+]1CCN(CCO)C1.O=S(=O)([N-]S(=O)(=O)C(F)(F)F)C(F)(F)F,0.5642749540498659,-1.174199999999997,411.346,6,2,110.29,4,3,2,5,0,0.8,0.28974450000000085
C[NH+]1CCN(CCO)C1.O=S(=O)([N-]S(=O)(=O)C(F)(F)F)C(F)(F)F,0.5642749540498659,-1.174199999999997,411.346,6,2,110.29,4,3,2,5,0,2.5,0.3257580000000007
C(COc1nc(OCCOCC2CO2)nc(OCCCCC2CO2)n1)OCC1CO1,0.2389781607079514,0.4079000000000015,427.4540000000003,11,0,122.41,18,3,0,8,0,1.0,0.8694905666666679
C(COc1nc(OCCOCC2CO2)nc(OCCCCC2CO2)n1)OCC1CO1,0.2389781607079514,0.4079000000000015,427.4540000000003,11,0,122.41,18,3,0,8,0,0.1,0.742048916666667
C(COc1nc(OCCOCC2CO2)nc(OCCCCC2CO2)n1)OCC1CO1,0.2389781607079514,0.4079000000000015,427.4540000000003,11,0,122.41,18,3,0,8,0,0.01,0.7168819833333329
C(COc1nc(OCCOCC2CO2)nc(OCCCCC2CO2)n1)OCC1CO1,0.2389781607079514,0.4079000000000015,427.4540000000003,11,0,122.41,18,3,0,8,0,0.5,0.7841146166666674
C(COc1nc(OCCOCC2CO2)nc(OCCCCC2CO2)n1)OCC1CO1,0.2389781607079514,0.4079000000000015,427.4540000000003,11,0,122.41,18,3,0,8,0,0.05,0.7265768999999999
C(COc1nc(OCCOCC2CO2)nc(OCCCCC2CO2)n1)OCC1CO1,0.2389781607079514,0.4079000000000015,427.4540000000003,11,0,122.41,18,3,0,8,0,0.001,0.6594484000000013
C(COc1nc(OCCOCC2CO2)nc(OCCCCC2CO2)n1)OCC1CO1,0.2389781607079514,0.4079000000000015,427.4540000000003,11,0,122.41,18,3,0,8,0,5.0,0.8780102666666673
C(COc1nc(OCCOCC2CO2)nc(OCCCCC2CO2)n1)OCC1CO1,0.2389781607079514,0.4079000000000015,427.4540000000003,11,0,122.41,18,3,0,8,0,0.25,0.7476933333333339
C(COc1nc(OCCOCC2CO2)nc(OCCCCC2CO2)n1)OCC1CO1,0.2389781607079514,0.4079000000000015,427.4540000000003,11,0,122.41,18,3,0,8,0,0.005,0.6484059000000011
C(COc1nc(OCCOCC2CO2)nc(OCCCCC2CO2)n1)OCC1CO1,0.2389781607079514,0.4079000000000015,427.4540000000003,11,0,122.41,18,3,0,8,0,2.0,0.8688282666666676
C(COc1nc(OCCOCC2CO2)nc(OCCCCC2CO2)n1)OCC1CO1,0.2389781607079514,0.4079000000000015,427.4540000000003,11,0,122.41,18,3,0,8,0,0.2,0.7463328333333338
C(COc1nc(OCCOCC2CO2)nc(OCCCCC2CO2)n1)OCC1CO1,0.2389781607079514,0.4079000000000015,427.4540000000003,11,0,122.41,18,3,0,8,0,0.4,0.7841146166666674
C(COc1nc(OCCOCC2CO2)nc(OCCCCC2CO2)n1)OCC1CO1,0.2389781607079514,0.4079000000000015,427.4540000000003,11,0,122.41,18,3,0,8,0,0.8,0.8699845666666678
C(COc1nc(OCCOCC2CO2)nc(OCCCCC2CO2)n1)OCC1CO1,0.2389781607079514,0.4079000000000015,427.4540000000003,11,0,122.41,18,3,0,8,0,2.5,0.8699277666666676
CC1(C)S[C@@H]2[C@H](NC(=O)C(N)c3ccc(O)cc3)C(=O)N2C1C(=O)O,0.5530315284690744,0.0237000000000004,365.4110000000001,6,4,132.96,4,3,1,5,0,1.0,0.7457919999999985
CC1(C)S[C@@H]2[C@H](NC(=O)C(N)c3ccc(O)cc3)C(=O)N2C1C(=O)O,0.5530315284690744,0.0237000000000004,365.4110000000001,6,4,132.96,4,3,1,5,0,0.1,0.42723449999999935
CC1(C)S[C@@H]2[C@H](NC(=O)C(N)c3ccc(O)cc3)C(=O)N2C1C(=O)O,0.5530315284690744,0.0237000000000004,365.4110000000001,6,4,132.96,4,3,1,5,0,0.01,0.4200679999999997
CC1(C)S[C@@H]2[C@H](NC(=O)C(N)c3ccc(O)cc3)C(=O)N2C1C(=O)O,0.5530315284690744,0.0237000000000004,365.4110000000001,6,4,132.96,4,3,1,5,0,0.5,0.6262440000000011
CC1(C)S[C@@H]2[C@H](NC(=O)C(N)c3ccc(O)cc3)C(=O)N2C1C(=O)O,0.5530315284690744,0.0237000000000004,365.4110000000001,6,4,132.96,4,3,1,5,0,0.05,0.41204849999999965
CC1(C)S[C@@H]2[C@H](NC(=O)C(N)c3ccc(O)cc3)C(=O)N2C1C(=O)O,0.5530315284690744,0.0237000000000004,365.4110000000001,6,4,132.96,4,3,1,5,0,0.001,0.4395605
CC1(C)S[C@@H]2[C@H](NC(=O)C(N)c3ccc(O)cc3)C(=O)N2C1C(=O)O,0.5530315284690744,0.0237000000000004,365.4110000000001,6,4,132.96,4,3,1,5,0,5.0,0.8535054999999986
CC1(C)S[C@@H]2[C@H](NC(=O)C(N)c3ccc(O)cc3)C(=O)N2C1C(=O)O,0.5530315284690744,0.0237000000000004,365.4110000000001,6,4,132.96,4,3,1,5,0,0.25,0.4713039999999996
CC1(C)S[C@@H]2[C@H](NC(=O)C(N)c3ccc(O)cc3)C(=O)N2C1C(=O)O,0.5530315284690744,0.0237000000000004,365.4110000000001,6,4,132.96,4,3,1,5,0,0.005,0.437513
CC1(C)S[C@@H]2[C@H](NC(=O)C(N)c3ccc(O)cc3)C(=O)N2C1C(=O)O,0.5530315284690744,0.0237000000000004,365.4110000000001,6,4,132.96,4,3,1,5,0,2.0,0.7811409999999985
CC1(C)S[C@@H]2[C@H](NC(=O)C(N)c3ccc(O)cc3)C(=O)N2C1C(=O)O,0.5530315284690744,0.0237000000000004,365.4110000000001,6,4,132.96,4,3,1,5,0,0.2,0.4656014999999995
CC1(C)S[C@@H]2[C@H](NC(=O)C(N)c3ccc(O)cc3)C(=O)N2C1C(=O)O,0.5530315284690744,0.0237000000000004,365.4110000000001,6,4,132.96,4,3,1,5,0,0.4,0.617621500000001
CC1(C)S[C@@H]2[C@H](NC(=O)C(N)c3ccc(O)cc3)C(=O)N2C1C(=O)O,0.5530315284690744,0.0237000000000004,365.4110000000001,6,4,132.96,4,3,1,5,0,0.8,0.7457919999999985
CC1(C)S[C@@H]2[C@H](NC(=O)C(N)c3ccc(O)cc3)C(=O)N2C1C(=O)O,0.5530315284690744,0.0237000000000004,365.4110000000001,6,4,132.96,4,3,1,5,0,2.5,0.7874499999999987
O=Cc1cc2cc([N+](=O)[O-])ccc2nc1Cl,0.3476827439714615,2.6089,236.614,4,0,73.1,2,2,0,3,0,1.0,0.8683264999999981
O=Cc1cc2cc([N+](=O)[O-])ccc2nc1Cl,0.3476827439714615,2.6089,236.614,4,0,73.1,2,2,0,3,0,0.1,0.7233164999999994
O=Cc1cc2cc([N+](=O)[O-])ccc2nc1Cl,0.3476827439714615,2.6089,236.614,4,0,73.1,2,2,0,3,0,0.01,0.6987831666666667
O=Cc1cc2cc([N+](=O)[O-])ccc2nc1Cl,0.3476827439714615,2.6089,236.614,4,0,73.1,2,2,0,3,0,0.5,0.7597748333333338
O=Cc1cc2cc([N+](=O)[O-])ccc2nc1Cl,0.3476827439714615,2.6089,236.614,4,0,73.1,2,2,0,3,0,0.05,0.7219407499999996
O=Cc1cc2cc([N+](=O)[O-])ccc2nc1Cl,0.3476827439714615,2.6089,236.614,4,0,73.1,2,2,0,3,0,0.001,0.6254869999999997
O=Cc1cc2cc([N+](=O)[O-])ccc2nc1Cl,0.3476827439714615,2.6089,236.614,4,0,73.1,2,2,0,3,0,5.0,0.8908734999999988
O=Cc1cc2cc([N+](=O)[O-])ccc2nc1Cl,0.3476827439714615,2.6089,236.614,4,0,73.1,2,2,0,3,0,0.25,0.7270318333333329
O=Cc1cc2cc([N+](=O)[O-])ccc2nc1Cl,0.3476827439714615,2.6089,236.614,4,0,73.1,2,2,0,3,0,0.005,0.6452044999999994
O=Cc1cc2cc([N+](=O)[O-])ccc2nc1Cl,0.3476827439714615,2.6089,236.614,4,0,73.1,2,2,0,3,0,2.0,0.8766968749999984
O=Cc1cc2cc([N+](=O)[O-])ccc2nc1Cl,0.3476827439714615,2.6089,236.614,4,0,73.1,2,2,0,3,0,0.2,0.7260691666666662
O=Cc1cc2cc([N+](=O)[O-])ccc2nc1Cl,0.3476827439714615,2.6089,236.614,4,0,73.1,2,2,0,3,0,0.4,0.755568166666667
O=Cc1cc2cc([N+](=O)[O-])ccc2nc1Cl,0.3476827439714615,2.6089,236.614,4,0,73.1,2,2,0,3,0,0.8,0.8688869999999983
O=Cc1cc2cc([N+](=O)[O-])ccc2nc1Cl,0.3476827439714615,2.6089,236.614,4,0,73.1,2,2,0,3,0,2.5,0.8792118749999982
CCN(CC)CCN1C(=O)C(=O)c2cc(Br)ccc21,0.7803361428196931,2.3202,325.206,3,0,40.620000000000005,5,2,0,2,0,1.0,0.9312145000000013
CCN(CC)CCN1C(=O)C(=O)c2cc(Br)ccc21,0.7803361428196931,2.3202,325.206,3,0,40.620000000000005,5,2,0,2,0,0.1,0.8798874999999997
CCN(CC)CCN1C(=O)C(=O)c2cc(Br)ccc21,0.7803361428196931,2.3202,325.206,3,0,40.620000000000005,5,2,0,2,0,0.01,0.8343239999999981
CCN(CC)CCN1C(=O)C(=O)c2cc(Br)ccc21,0.7803361428196931,2.3202,325.206,3,0,40.620000000000005,5,2,0,2,0,0.5,0.873457
CCN(CC)CCN1C(=O)C(=O)c2cc(Br)ccc21,0.7803361428196931,2.3202,325.206,3,0,40.620000000000005,5,2,0,2,0,0.05,0.8462224999999985
CCN(CC)CCN1C(=O)C(=O)c2cc(Br)ccc21,0.7803361428196931,2.3202,325.206,3,0,40.620000000000005,5,2,0,2,0,0.001,0.7499550000000004
CCN(CC)CCN1C(=O)C(=O)c2cc(Br)ccc21,0.7803361428196931,2.3202,325.206,3,0,40.620000000000005,5,2,0,2,0,5.0,0.9289306666666675
CCN(CC)CCN1C(=O)C(=O)c2cc(Br)ccc21,0.7803361428196931,2.3202,325.206,3,0,40.620000000000005,5,2,0,2,0,0.25,0.8674710000000004
CCN(CC)CCN1C(=O)C(=O)c2cc(Br)ccc21,0.7803361428196931,2.3202,325.206,3,0,40.620000000000005,5,2,0,2,0,0.005,0.7559480000000002
CCN(CC)CCN1C(=O)C(=O)c2cc(Br)ccc21,0.7803361428196931,2.3202,325.206,3,0,40.620000000000005,5,2,0,2,0,2.0,0.9303966666666678
CCN(CC)CCN1C(=O)C(=O)c2cc(Br)ccc21,0.7803361428196931,2.3202,325.206,3,0,40.620000000000005,5,2,0,2,0,0.2,0.8761610000000001
CCN(CC)CCN1C(=O)C(=O)c2cc(Br)ccc21,0.7803361428196931,2.3202,325.206,3,0,40.620000000000005,5,2,0,2,0,0.4,0.8741170000000001
CCN(CC)CCN1C(=O)C(=O)c2cc(Br)ccc21,0.7803361428196931,2.3202,325.206,3,0,40.620000000000005,5,2,0,2,0,0.8,0.9320826666666678
CCN(CC)CCN1C(=O)C(=O)c2cc(Br)ccc21,0.7803361428196931,2.3202,325.206,3,0,40.620000000000005,5,2,0,2,0,2.5,0.9298666666666677
CCc1ccc(/C=N\NC(N)=S)cc1,0.4475070691597976,1.4161,207.302,2,2,50.41,3,3,1,0,0,1.0,0.8622887500000006
CCc1ccc(/C=N\NC(N)=S)cc1,0.4475070691597976,1.4161,207.302,2,2,50.41,3,3,1,0,0,0.1,0.8483805000000016
CCc1ccc(/C=N\NC(N)=S)cc1,0.4475070691597976,1.4161,207.302,2,2,50.41,3,3,1,0,0,0.01,0.7234789999999998
CCc1ccc(/C=N\NC(N)=S)cc1,0.4475070691597976,1.4161,207.302,2,2,50.41,3,3,1,0,0,0.5,0.9212105000000003
CCc1ccc(/C=N\NC(N)=S)cc1,0.4475070691597976,1.4161,207.302,2,2,50.41,3,3,1,0,0,0.05,0.7529155000000003
CCc1ccc(/C=N\NC(N)=S)cc1,0.4475070691597976,1.4161,207.302,2,2,50.41,3,3,1,0,0,0.001,0.7441350000000004
CCc1ccc(/C=N\NC(N)=S)cc1,0.4475070691597976,1.4161,207.302,2,2,50.41,3,3,1,0,0,5.0,0.9058194166666671
CCc1ccc(/C=N\NC(N)=S)cc1,0.4475070691597976,1.4161,207.302,2,2,50.41,3,3,1,0,0,0.25,0.9082021666666656
CCc1ccc(/C=N\NC(N)=S)cc1,0.4475070691597976,1.4161,207.302,2,2,50.41,3,3,1,0,0,0.005,0.7375265000000004
CCc1ccc(/C=N\NC(N)=S)cc1,0.4475070691597976,1.4161,207.302,2,2,50.41,3,3,1,0,0,2.0,0.8814645833333336
CCc1ccc(/C=N\NC(N)=S)cc1,0.4475070691597976,1.4161,207.302,2,2,50.41,3,3,1,0,0,0.2,0.8977894999999991
CCc1ccc(/C=N\NC(N)=S)cc1,0.4475070691597976,1.4161,207.302,2,2,50.41,3,3,1,0,0,0.4,0.9232750000000007
CCc1ccc(/C=N\NC(N)=S)cc1,0.4475070691597976,1.4161,207.302,2,2,50.41,3,3,1,0,0,0.8,0.8605637500000004
CCc1ccc(/C=N\NC(N)=S)cc1,0.4475070691597976,1.4161,207.302,2,2,50.41,3,3,1,0,0,2.5,0.8866215833333331
Cc1ccc(-c2nc3ccccc3c(=O)n2C)cc1,0.6652758020273779,2.908920000000001,250.301,3,0,34.89,1,2,0,1,0,1.0,0.9181197499999988
Cc1ccc(-c2nc3ccccc3c(=O)n2C)cc1,0.6652758020273779,2.908920000000001,250.301,3,0,34.89,1,2,0,1,0,0.1,0.8786132499999988
Cc1ccc(-c2nc3ccccc3c(=O)n2C)cc1,0.6652758020273779,2.908920000000001,250.301,3,0,34.89,1,2,0,1,0,0.01,0.8380164999999998
Cc1ccc(-c2nc3ccccc3c(=O)n2C)cc1,0.6652758020273779,2.908920000000001,250.301,3,0,34.89,1,2,0,1,0,0.5,0.8763920833333324
Cc1ccc(-c2nc3ccccc3c(=O)n2C)cc1,0.6652758020273779,2.908920000000001,250.301,3,0,34.89,1,2,0,1,0,0.05,0.8482824999999993
Cc1ccc(-c2nc3ccccc3c(=O)n2C)cc1,0.6652758020273779,2.908920000000001,250.301,3,0,34.89,1,2,0,1,0,0.001,0.7883665000000009
Cc1ccc(-c2nc3ccccc3c(=O)n2C)cc1,0.6652758020273779,2.908920000000001,250.301,3,0,34.89,1,2,0,1,0,5.0,0.9279556666666672
Cc1ccc(-c2nc3ccccc3c(=O)n2C)cc1,0.6652758020273779,2.908920000000001,250.301,3,0,34.89,1,2,0,1,0,0.25,0.870582166666666
Cc1ccc(-c2nc3ccccc3c(=O)n2C)cc1,0.6652758020273779,2.908920000000001,250.301,3,0,34.89,1,2,0,1,0,0.005,0.779160000000001
Cc1ccc(-c2nc3ccccc3c(=O)n2C)cc1,0.6652758020273779,2.908920000000001,250.301,3,0,34.89,1,2,0,1,0,2.0,0.9215950416666661
Cc1ccc(-c2nc3ccccc3c(=O)n2C)cc1,0.6652758020273779,2.908920000000001,250.301,3,0,34.89,1,2,0,1,0,0.2,0.8730959166666655
Cc1ccc(-c2nc3ccccc3c(=O)n2C)cc1,0.6652758020273779,2.908920000000001,250.301,3,0,34.89,1,2,0,1,0,0.4,0.8746435833333324
Cc1ccc(-c2nc3ccccc3c(=O)n2C)cc1,0.6652758020273779,2.908920000000001,250.301,3,0,34.89,1,2,0,1,0,0.8,0.9180628333333323
Cc1ccc(-c2nc3ccccc3c(=O)n2C)cc1,0.6652758020273779,2.908920000000001,250.301,3,0,34.89,1,2,0,1,0,2.5,0.9219980416666661
CCCN(CCC)Cc1ccc2cccnc2c1O,0.860282465005017,3.562400000000004,258.365,3,1,36.36,6,2,0,1,0,1.0,0.9143099999999988
CCCN(CCC)Cc1ccc2cccnc2c1O,0.860282465005017,3.562400000000004,258.365,3,1,36.36,6,2,0,1,0,0.1,0.8918385000000001
CCCN(CCC)Cc1ccc2cccnc2c1O,0.860282465005017,3.562400000000004,258.365,3,1,36.36,6,2,0,1,0,0.01,0.8589050000000017
CCCN(CCC)Cc1ccc2cccnc2c1O,0.860282465005017,3.562400000000004,258.365,3,1,36.36,6,2,0,1,0,0.5,0.8909004999999999
CCCN(CCC)Cc1ccc2cccnc2c1O,0.860282465005017,3.562400000000004,258.365,3,1,36.36,6,2,0,1,0,0.05,0.8693865000000015
CCCN(CCC)Cc1ccc2cccnc2c1O,0.860282465005017,3.562400000000004,258.365,3,1,36.36,6,2,0,1,0,0.001,0.7745764999999991
CCCN(CCC)Cc1ccc2cccnc2c1O,0.860282465005017,3.562400000000004,258.365,3,1,36.36,6,2,0,1,0,5.0,0.9143519999999993
CCCN(CCC)Cc1ccc2cccnc2c1O,0.860282465005017,3.562400000000004,258.365,3,1,36.36,6,2,0,1,0,0.25,0.8861539999999996
CCCN(CCC)Cc1ccc2cccnc2c1O,0.860282465005017,3.562400000000004,258.365,3,1,36.36,6,2,0,1,0,0.005,0.7670799999999994
CCCN(CCC)Cc1ccc2cccnc2c1O,0.860282465005017,3.562400000000004,258.365,3,1,36.36,6,2,0,1,0,2.0,0.911884999999999
CCCN(CCC)Cc1ccc2cccnc2c1O,0.860282465005017,3.562400000000004,258.365,3,1,36.36,6,2,0,1,0,0.2,0.8867209999999998
CCCN(CCC)Cc1ccc2cccnc2c1O,0.860282465005017,3.562400000000004,258.365,3,1,36.36,6,2,0,1,0,0.4,0.8905509999999999
CCCN(CCC)Cc1ccc2cccnc2c1O,0.860282465005017,3.562400000000004,258.365,3,1,36.36,6,2,0,1,0,0.8,0.9142874999999988
CCCN(CCC)Cc1ccc2cccnc2c1O,0.860282465005017,3.562400000000004,258.365,3,1,36.36,6,2,0,1,0,2.5,0.9117349999999989
COc1cc(O)ccc1-c1nc(-c2ccccc2)c(-c2ccccc2)n1-c1ccccc1,0.3502964199213517,6.587500000000006,418.4960000000001,4,1,47.28,5,2,0,2,0,1.0,0.9420454999999999
COc1cc(O)ccc1-c1nc(-c2ccccc2)c(-c2ccccc2)n1-c1ccccc1,0.3502964199213517,6.587500000000006,418.4960000000001,4,1,47.28,5,2,0,2,0,0.1,0.9315600000000012
COc1cc(O)ccc1-c1nc(-c2ccccc2)c(-c2ccccc2)n1-c1ccccc1,0.3502964199213517,6.587500000000006,418.4960000000001,4,1,47.28,5,2,0,2,0,0.01,0.8959755000000027
COc1cc(O)ccc1-c1nc(-c2ccccc2)c(-c2ccccc2)n1-c1ccccc1,0.3502964199213517,6.587500000000006,418.4960000000001,4,1,47.28,5,2,0,2,0,0.5,0.9360930000000003
COc1cc(O)ccc1-c1nc(-c2ccccc2)c(-c2ccccc2)n1-c1ccccc1,0.3502964199213517,6.587500000000006,418.4960000000001,4,1,47.28,5,2,0,2,0,0.05,0.8844480000000017
COc1cc(O)ccc1-c1nc(-c2ccccc2)c(-c2ccccc2)n1-c1ccccc1,0.3502964199213517,6.587500000000006,418.4960000000001,4,1,47.28,5,2,0,2,0,0.001,0.8505799999999997
COc1cc(O)ccc1-c1nc(-c2ccccc2)c(-c2ccccc2)n1-c1ccccc1,0.3502964199213517,6.587500000000006,418.4960000000001,4,1,47.28,5,2,0,2,0,5.0,0.9428094999999993
COc1cc(O)ccc1-c1nc(-c2ccccc2)c(-c2ccccc2)n1-c1ccccc1,0.3502964199213517,6.587500000000006,418.4960000000001,4,1,47.28,5,2,0,2,0,0.25,0.9318259999999996
COc1cc(O)ccc1-c1nc(-c2ccccc2)c(-c2ccccc2)n1-c1ccccc1,0.3502964199213517,6.587500000000006,418.4960000000001,4,1,47.28,5,2,0,2,0,0.005,0.8328669999999998
COc1cc(O)ccc1-c1nc(-c2ccccc2)c(-c2ccccc2)n1-c1ccccc1,0.3502964199213517,6.587500000000006,418.4960000000001,4,1,47.28,5,2,0,2,0,2.0,0.9427194999999997
COc1cc(O)ccc1-c1nc(-c2ccccc2)c(-c2ccccc2)n1-c1ccccc1,0.3502964199213517,6.587500000000006,418.4960000000001,4,1,47.28,5,2,0,2,0,0.2,0.9342935000000001
COc1cc(O)ccc1-c1nc(-c2ccccc2)c(-c2ccccc2)n1-c1ccccc1,0.3502964199213517,6.587500000000006,418.4960000000001,4,1,47.28,5,2,0,2,0,0.4,0.9361185000000001
COc1cc(O)ccc1-c1nc(-c2ccccc2)c(-c2ccccc2)n1-c1ccccc1,0.3502964199213517,6.587500000000006,418.4960000000001,4,1,47.28,5,2,0,2,0,0.8,0.9422294999999998
COc1cc(O)ccc1-c1nc(-c2ccccc2)c(-c2ccccc2)n1-c1ccccc1,0.3502964199213517,6.587500000000006,418.4960000000001,4,1,47.28,5,2,0,2,0,2.5,0.9425624999999996
C(=N/c1ccc(Cc2ccc(/N=C/c3ccc4ccccc4n3)cc2)cc1)\c1cccc2cccc2n1,0.2300604760291725,7.826600000000007,476.58300000000014,4,0,50.5,6,4,0,0,0,1.0,0.8270600000000013
C(=N/c1ccc(Cc2ccc(/N=C/c3ccc4ccccc4n3)cc2)cc1)\c1cccc2cccc2n1,0.2300604760291725,7.826600000000007,476.58300000000014,4,0,50.5,6,4,0,0,0,0.1,0.7806044999999994
C(=N/c1ccc(Cc2ccc(/N=C/c3ccc4ccccc4n3)cc2)cc1)\c1cccc2cccc2n1,0.2300604760291725,7.826600000000007,476.58300000000014,4,0,50.5,6,4,0,0,0,0.01,0.8009794999999994
C(=N/c1ccc(Cc2ccc(/N=C/c3ccc4ccccc4n3)cc2)cc1)\c1cccc2cccc2n1,0.2300604760291725,7.826600000000007,476.58300000000014,4,0,50.5,6,4,0,0,0,0.5,0.80655
C(=N/c1ccc(Cc2ccc(/N=C/c3ccc4ccccc4n3)cc2)cc1)\c1cccc2cccc2n1,0.2300604760291725,7.826600000000007,476.58300000000014,4,0,50.5,6,4,0,0,0,0.05,0.7960404999999993
C(=N/c1ccc(Cc2ccc(/N=C/c3ccc4ccccc4n3)cc2)cc1)\c1cccc2cccc2n1,0.2300604760291725,7.826600000000007,476.58300000000014,4,0,50.5,6,4,0,0,0,0.001,0.7742440000000002
C(=N/c1ccc(Cc2ccc(/N=C/c3ccc4ccccc4n3)cc2)cc1)\c1cccc2cccc2n1,0.2300604760291725,7.826600000000007,476.58300000000014,4,0,50.5,6,4,0,0,0,5.0,0.8755655
C(=N/c1ccc(Cc2ccc(/N=C/c3ccc4ccccc4n3)cc2)cc1)\c1cccc2cccc2n1,0.2300604760291725,7.826600000000007,476.58300000000014,4,0,50.5,6,4,0,0,0,0.25,0.7848689999999999
C(=N/c1ccc(Cc2ccc(/N=C/c3ccc4ccccc4n3)cc2)cc1)\c1cccc2cccc2n1,0.2300604760291725,7.826600000000007,476.58300000000014,4,0,50.5,6,4,0,0,0,0.005,0.7627240000000002
C(=N/c1ccc(Cc2ccc(/N=C/c3ccc4ccccc4n3)cc2)cc1)\c1cccc2cccc2n1,0.2300604760291725,7.826600000000007,476.58300000000014,4,0,50.5,6,4,0,0,0,2.0,0.835379000000001
C(=N/c1ccc(Cc2ccc(/N=C/c3ccc4ccccc4n3)cc2)cc1)\c1cccc2cccc2n1,0.2300604760291725,7.826600000000007,476.58300000000014,4,0,50.5,6,4,0,0,0,0.2,0.7843344999999995
C(=N/c1ccc(Cc2ccc(/N=C/c3ccc4ccccc4n3)cc2)cc1)\c1cccc2cccc2n1,0.2300604760291725,7.826600000000007,476.58300000000014,4,0,50.5,6,4,0,0,0,0.4,0.8066850000000001
C(=N/c1ccc(Cc2ccc(/N=C/c3ccc4ccccc4n3)cc2)cc1)\c1cccc2cccc2n1,0.2300604760291725,7.826600000000007,476.58300000000014,4,0,50.5,6,4,0,0,0,0.8,0.8270600000000013
C(=N/c1ccc(Cc2ccc(/N=C/c3ccc4ccccc4n3)cc2)cc1)\c1cccc2cccc2n1,0.2300604760291725,7.826600000000007,476.58300000000014,4,0,50.5,6,4,0,0,0,2.5,0.8360920000000011
Cc1ccc(/C=C/C(=O)c2ccc(OCC(=O)O)cc2)cc1,0.655569504188958,3.354520000000001,296.322,3,1,63.60000000000001,6,0,0,4,0,1.0,0.9182686666666656
Cc1ccc(/C=C/C(=O)c2ccc(OCC(=O)O)cc2)cc1,0.655569504188958,3.354520000000001,296.322,3,1,63.60000000000001,6,0,0,4,0,0.1,0.7955384999999991
Cc1ccc(/C=C/C(=O)c2ccc(OCC(=O)O)cc2)cc1,0.655569504188958,3.354520000000001,296.322,3,1,63.60000000000001,6,0,0,4,0,0.01,0.7169440000000001
Cc1ccc(/C=C/C(=O)c2ccc(OCC(=O)O)cc2)cc1,0.655569504188958,3.354520000000001,296.322,3,1,63.60000000000001,6,0,0,4,0,0.5,0.82203925
Cc1ccc(/C=C/C(=O)c2ccc(OCC(=O)O)cc2)cc1,0.655569504188958,3.354520000000001,296.322,3,1,63.60000000000001,6,0,0,4,0,0.05,0.7547072500000002
Cc1ccc(/C=C/C(=O)c2ccc(OCC(=O)O)cc2)cc1,0.655569504188958,3.354520000000001,296.322,3,1,63.60000000000001,6,0,0,4,0,0.001,0.6926684999999994
Cc1ccc(/C=C/C(=O)c2ccc(OCC(=O)O)cc2)cc1,0.655569504188958,3.354520000000001,296.322,3,1,63.60000000000001,6,0,0,4,0,5.0,0.9273877499999996
Cc1ccc(/C=C/C(=O)c2ccc(OCC(=O)O)cc2)cc1,0.655569504188958,3.354520000000001,296.322,3,1,63.60000000000001,6,0,0,4,0,0.25,0.8160128333333329
Cc1ccc(/C=C/C(=O)c2ccc(OCC(=O)O)cc2)cc1,0.655569504188958,3.354520000000001,296.322,3,1,63.60000000000001,6,0,0,4,0,0.005,0.6919974999999995
Cc1ccc(/C=C/C(=O)c2ccc(OCC(=O)O)cc2)cc1,0.655569504188958,3.354520000000001,296.322,3,1,63.60000000000001,6,0,0,4,0,2.0,0.9172909166666663
Cc1ccc(/C=C/C(=O)c2ccc(OCC(=O)O)cc2)cc1,0.655569504188958,3.354520000000001,296.322,3,1,63.60000000000001,6,0,0,4,0,0.2,0.8045683333333328
Cc1ccc(/C=C/C(=O)c2ccc(OCC(=O)O)cc2)cc1,0.655569504188958,3.354520000000001,296.322,3,1,63.60000000000001,6,0,0,4,0,0.4,0.8236957500000002
Cc1ccc(/C=C/C(=O)c2ccc(OCC(=O)O)cc2)cc1,0.655569504188958,3.354520000000001,296.322,3,1,63.60000000000001,6,0,0,4,0,0.8,0.9167776666666667
Cc1ccc(/C=C/C(=O)c2ccc(OCC(=O)O)cc2)cc1,0.655569504188958,3.354520000000001,296.322,3,1,63.60000000000001,6,0,0,4,0,2.5,0.9212799166666664
Cc1ccc(/C=N\N=c2\[nH]c(C(C)(O)O)c(-c3ccc(Cl)cc3)s2)cc1,0.361340888263908,3.797120000000003,387.89200000000005,5,3,80.97,4,3,1,2,0,1.0,0.8970604999999995
Cc1ccc(/C=N\N=c2\[nH]c(C(C)(O)O)c(-c3ccc(Cl)cc3)s2)cc1,0.361340888263908,3.797120000000003,387.89200000000005,5,3,80.97,4,3,1,2,0,0.1,0.7562999999999996
Cc1ccc(/C=N\N=c2\[nH]c(C(C)(O)O)c(-c3ccc(Cl)cc3)s2)cc1,0.361340888263908,3.797120000000003,387.89200000000005,5,3,80.97,4,3,1,2,0,0.01,0.660310999999999
Cc1ccc(/C=N\N=c2\[nH]c(C(C)(O)O)c(-c3ccc(Cl)cc3)s2)cc1,0.361340888263908,3.797120000000003,387.89200000000005,5,3,80.97,4,3,1,2,0,0.5,0.7921349999999989
Cc1ccc(/C=N\N=c2\[nH]c(C(C)(O)O)c(-c3ccc(Cl)cc3)s2)cc1,0.361340888263908,3.797120000000003,387.89200000000005,5,3,80.97,4,3,1,2,0,0.05,0.7162479999999978
Cc1ccc(/C=N\N=c2\[nH]c(C(C)(O)O)c(-c3ccc(Cl)cc3)s2)cc1,0.361340888263908,3.797120000000003,387.89200000000005,5,3,80.97,4,3,1,2,0,0.001,0.7159404999999992
Cc1ccc(/C=N\N=c2\[nH]c(C(C)(O)O)c(-c3ccc(Cl)cc3)s2)cc1,0.361340888263908,3.797120000000003,387.89200000000005,5,3,80.97,4,3,1,2,0,5.0,0.9155489999999997
Cc1ccc(/C=N\N=c2\[nH]c(C(C)(O)O)c(-c3ccc(Cl)cc3)s2)cc1,0.361340888263908,3.797120000000003,387.89200000000005,5,3,80.97,4,3,1,2,0,0.25,0.7745204999999996
Cc1ccc(/C=N\N=c2\[nH]c(C(C)(O)O)c(-c3ccc(Cl)cc3)s2)cc1,0.361340888263908,3.797120000000003,387.89200000000005,5,3,80.97,4,3,1,2,0,0.005,0.6999304999999996
Cc1ccc(/C=N\N=c2\[nH]c(C(C)(O)O)c(-c3ccc(Cl)cc3)s2)cc1,0.361340888263908,3.797120000000003,387.89200000000005,5,3,80.97,4,3,1,2,0,2.0,0.9124744999999997
Cc1ccc(/C=N\N=c2\[nH]c(C(C)(O)O)c(-c3ccc(Cl)cc3)s2)cc1,0.361340888263908,3.797120000000003,387.89200000000005,5,3,80.97,4,3,1,2,0,0.2,0.7633754999999998
Cc1ccc(/C=N\N=c2\[nH]c(C(C)(O)O)c(-c3ccc(Cl)cc3)s2)cc1,0.361340888263908,3.797120000000003,387.89200000000005,5,3,80.97,4,3,1,2,0,0.4,0.792080499999999
Cc1ccc(/C=N\N=c2\[nH]c(C(C)(O)O)c(-c3ccc(Cl)cc3)s2)cc1,0.361340888263908,3.797120000000003,387.89200000000005,5,3,80.97,4,3,1,2,0,0.8,0.8959009999999994
Cc1ccc(/C=N\N=c2\[nH]c(C(C)(O)O)c(-c3ccc(Cl)cc3)s2)cc1,0.361340888263908,3.797120000000003,387.89200000000005,5,3,80.97,4,3,1,2,0,2.5,0.9130299999999998
CC(C)N(C(=S)NCc1ccccc1)C(C)C,0.8263166927764379,3.1799000000000017,250.41100000000003,1,1,15.27,4,2,1,0,0,1.0,0.7961750833333329
CC(C)N(C(=S)NCc1ccccc1)C(C)C,0.8263166927764379,3.1799000000000017,250.41100000000003,1,1,15.27,4,2,1,0,0,0.1,0.9283300000000004
CC(C)N(C(=S)NCc1ccccc1)C(C)C,0.8263166927764379,3.1799000000000017,250.41100000000003,1,1,15.27,4,2,1,0,0,0.01,0.868088499999999
CC(C)N(C(=S)NCc1ccccc1)C(C)C,0.8263166927764379,3.1799000000000017,250.41100000000003,1,1,15.27,4,2,1,0,0,0.5,0.922827
CC(C)N(C(=S)NCc1ccccc1)C(C)C,0.8263166927764379,3.1799000000000017,250.41100000000003,1,1,15.27,4,2,1,0,0,0.05,0.8743018333333328
CC(C)N(C(=S)NCc1ccccc1)C(C)C,0.8263166927764379,3.1799000000000017,250.41100000000003,1,1,15.27,4,2,1,0,0,0.001,0.7735090000000011
CC(C)N(C(=S)NCc1ccccc1)C(C)C,0.8263166927764379,3.1799000000000017,250.41100000000003,1,1,15.27,4,2,1,0,0,5.0,0.828313
CC(C)N(C(=S)NCc1ccccc1)C(C)C,0.8263166927764379,3.1799000000000017,250.41100000000003,1,1,15.27,4,2,1,0,0,0.25,0.9293129999999998
CC(C)N(C(=S)NCc1ccccc1)C(C)C,0.8263166927764379,3.1799000000000017,250.41100000000003,1,1,15.27,4,2,1,0,0,0.005,0.7763685000000012
CC(C)N(C(=S)NCc1ccccc1)C(C)C,0.8263166927764379,3.1799000000000017,250.41100000000003,1,1,15.27,4,2,1,0,0,2.0,0.8078733333333331
CC(C)N(C(=S)NCc1ccccc1)C(C)C,0.8263166927764379,3.1799000000000017,250.41100000000003,1,1,15.27,4,2,1,0,0,0.2,0.9478689999999999
CC(C)N(C(=S)NCc1ccccc1)C(C)C,0.8263166927764379,3.1799000000000017,250.41100000000003,1,1,15.27,4,2,1,0,0,0.4,0.9228835
CC(C)N(C(=S)NCc1ccccc1)C(C)C,0.8263166927764379,3.1799000000000017,250.41100000000003,1,1,15.27,4,2,1,0,0,0.8,0.7961750833333329
CC(C)N(C(=S)NCc1ccccc1)C(C)C,0.8263166927764379,3.1799000000000017,250.41100000000003,1,1,15.27,4,2,1,0,0,2.5,0.8078733333333331
CCCCCCCCCCCC[N+](C)(C)CCOCCO.[Br-],0.3188405694046152,0.9966000000000024,382.427,2,1,29.46,16,1,0,2,0,1.0,0.9262984999999989
CCCCCCCCCCCC[N+](C)(C)CCOCCO.[Br-],0.3188405694046152,0.9966000000000024,382.427,2,1,29.46,16,1,0,2,0,0.1,0.8540195
CCCCCCCCCCCC[N+](C)(C)CCOCCO.[Br-],0.3188405694046152,0.9966000000000024,382.427,2,1,29.46,16,1,0,2,0,0.01,0.7623320000000002
CCCCCCCCCCCC[N+](C)(C)CCOCCO.[Br-],0.3188405694046152,0.9966000000000024,382.427,2,1,29.46,16,1,0,2,0,0.5,0.8900960000000003
CCCCCCCCCCCC[N+](C)(C)CCOCCO.[Br-],0.3188405694046152,0.9966000000000024,382.427,2,1,29.46,16,1,0,2,0,0.05,0.8185070000000014
CCCCCCCCCCCC[N+](C)(C)CCOCCO.[Br-],0.3188405694046152,0.9966000000000024,382.427,2,1,29.46,16,1,0,2,0,0.001,0.7146165000000002
CCCCCCCCCCCC[N+](C)(C)CCOCCO.[Br-],0.3188405694046152,0.9966000000000024,382.427,2,1,29.46,16,1,0,2,0,5.0,0.9097637499999986
CCCCCCCCCCCC[N+](C)(C)CCOCCO.[Br-],0.3188405694046152,0.9966000000000024,382.427,2,1,29.46,16,1,0,2,0,0.25,0.8669235000000005
CCCCCCCCCCCC[N+](C)(C)CCOCCO.[Br-],0.3188405694046152,0.9966000000000024,382.427,2,1,29.46,16,1,0,2,0,0.005,0.7143240000000004
CCCCCCCCCCCC[N+](C)(C)CCOCCO.[Br-],0.3188405694046152,0.9966000000000024,382.427,2,1,29.46,16,1,0,2,0,2.0,0.9232709999999988
CCCCCCCCCCCC[N+](C)(C)CCOCCO.[Br-],0.3188405694046152,0.9966000000000024,382.427,2,1,29.46,16,1,0,2,0,0.2,0.8640425000000004
CCCCCCCCCCCC[N+](C)(C)CCOCCO.[Br-],0.3188405694046152,0.9966000000000024,382.427,2,1,29.46,16,1,0,2,0,0.4,0.8905810000000004
CCCCCCCCCCCC[N+](C)(C)CCOCCO.[Br-],0.3188405694046152,0.9966000000000024,382.427,2,1,29.46,16,1,0,2,0,0.8,0.9264804999999988
CCCCCCCCCCCC[N+](C)(C)CCOCCO.[Br-],0.3188405694046152,0.9966000000000024,382.427,2,1,29.46,16,1,0,2,0,2.5,0.9224564999999988
NC(=S)N/N=C/c1cccnc1,0.38881658316851,0.2486999999999999,180.236,3,2,63.3,2,4,1,0,0,1.0,0.8777135833333313
NC(=S)N/N=C/c1cccnc1,0.38881658316851,0.2486999999999999,180.236,3,2,63.3,2,4,1,0,0,0.1,0.7405574603174604
NC(=S)N/N=C/c1cccnc1,0.38881658316851,0.2486999999999999,180.236,3,2,63.3,2,4,1,0,0,0.01,0.6946329603174604
NC(=S)N/N=C/c1cccnc1,0.38881658316851,0.2486999999999999,180.236,3,2,63.3,2,4,1,0,0,0.5,0.8689515119047627
NC(=S)N/N=C/c1cccnc1,0.38881658316851,0.2486999999999999,180.236,3,2,63.3,2,4,1,0,0,0.05,0.7055844603174606
NC(=S)N/N=C/c1cccnc1,0.38881658316851,0.2486999999999999,180.236,3,2,63.3,2,4,1,0,0,0.001,0.7314925238095242
NC(=S)N/N=C/c1cccnc1,0.38881658316851,0.2486999999999999,180.236,3,2,63.3,2,4,1,0,0,5.0,0.8862632857142851
NC(=S)N/N=C/c1cccnc1,0.38881658316851,0.2486999999999999,180.236,3,2,63.3,2,4,1,0,0,0.25,0.8395006190476184
NC(=S)N/N=C/c1cccnc1,0.38881658316851,0.2486999999999999,180.236,3,2,63.3,2,4,1,0,0,0.005,0.7307716904761908
NC(=S)N/N=C/c1cccnc1,0.38881658316851,0.2486999999999999,180.236,3,2,63.3,2,4,1,0,0,2.0,0.8871972619047613
NC(=S)N/N=C/c1cccnc1,0.38881658316851,0.2486999999999999,180.236,3,2,63.3,2,4,1,0,0,0.2,0.7764343095238095
NC(=S)N/N=C/c1cccnc1,0.38881658316851,0.2486999999999999,180.236,3,2,63.3,2,4,1,0,0,0.4,0.8686107261904767
NC(=S)N/N=C/c1cccnc1,0.38881658316851,0.2486999999999999,180.236,3,2,63.3,2,4,1,0,0,0.8,0.8754627499999984
NC(=S)N/N=C/c1cccnc1,0.38881658316851,0.2486999999999999,180.236,3,2,63.3,2,4,1,0,0,2.5,0.887063928571428
C(=N/c1ccc(-c2ccc(/N=C/c3ccsc3)cc2)cc1)\c1ccsc1,0.3376842191881669,6.977800000000005,372.518,4,0,24.72,5,2,2,0,0,1.0,0.8460294999999992
C(=N/c1ccc(-c2ccc(/N=C/c3ccsc3)cc2)cc1)\c1ccsc1,0.3376842191881669,6.977800000000005,372.518,4,0,24.72,5,2,2,0,0,0.1,0.7045484999999989
C(=N/c1ccc(-c2ccc(/N=C/c3ccsc3)cc2)cc1)\c1ccsc1,0.3376842191881669,6.977800000000005,372.518,4,0,24.72,5,2,2,0,0,0.01,0.6170005000000005
C(=N/c1ccc(-c2ccc(/N=C/c3ccsc3)cc2)cc1)\c1ccsc1,0.3376842191881669,6.977800000000005,372.518,4,0,24.72,5,2,2,0,0,0.5,0.7771240000000015
C(=N/c1ccc(-c2ccc(/N=C/c3ccsc3)cc2)cc1)\c1ccsc1,0.3376842191881669,6.977800000000005,372.518,4,0,24.72,5,2,2,0,0,0.05,0.6484655000000005
C(=N/c1ccc(-c2ccc(/N=C/c3ccsc3)cc2)cc1)\c1ccsc1,0.3376842191881669,6.977800000000005,372.518,4,0,24.72,5,2,2,0,0,0.001,0.606067999999999
C(=N/c1ccc(-c2ccc(/N=C/c3ccsc3)cc2)cc1)\c1ccsc1,0.3376842191881669,6.977800000000005,372.518,4,0,24.72,5,2,2,0,0,5.0,0.89411
C(=N/c1ccc(-c2ccc(/N=C/c3ccsc3)cc2)cc1)\c1ccsc1,0.3376842191881669,6.977800000000005,372.518,4,0,24.72,5,2,2,0,0,0.25,0.7707815000000017
C(=N/c1ccc(-c2ccc(/N=C/c3ccsc3)cc2)cc1)\c1ccsc1,0.3376842191881669,6.977800000000005,372.518,4,0,24.72,5,2,2,0,0,0.005,0.5941919999999989
C(=N/c1ccc(-c2ccc(/N=C/c3ccsc3)cc2)cc1)\c1ccsc1,0.3376842191881669,6.977800000000005,372.518,4,0,24.72,5,2,2,0,0,2.0,0.8559299999999994
C(=N/c1ccc(-c2ccc(/N=C/c3ccsc3)cc2)cc1)\c1ccsc1,0.3376842191881669,6.977800000000005,372.518,4,0,24.72,5,2,2,0,0,0.2,0.7684860000000014
C(=N/c1ccc(-c2ccc(/N=C/c3ccsc3)cc2)cc1)\c1ccsc1,0.3376842191881669,6.977800000000005,372.518,4,0,24.72,5,2,2,0,0,0.4,0.7771240000000015
C(=N/c1ccc(-c2ccc(/N=C/c3ccsc3)cc2)cc1)\c1ccsc1,0.3376842191881669,6.977800000000005,372.518,4,0,24.72,5,2,2,0,0,0.8,0.8460524999999993
C(=N/c1ccc(-c2ccc(/N=C/c3ccsc3)cc2)cc1)\c1ccsc1,0.3376842191881669,6.977800000000005,372.518,4,0,24.72,5,2,2,0,0,2.5,0.8570899999999995
CCCCCCNc1nc(NCCCN(C)C)nc(Nc2nc3ccccc3[nH]2)n1,0.3143137000566958,3.8473000000000015,411.5580000000001,8,4,106.68,13,9,0,0,0,1.0,0.9642854999999986
CCCCCCNc1nc(NCCCN(C)C)nc(Nc2nc3ccccc3[nH]2)n1,0.3143137000566958,3.8473000000000015,411.5580000000001,8,4,106.68,13,9,0,0,0,0.1,0.9397445249999993
CCCCCCNc1nc(NCCCN(C)C)nc(Nc2nc3ccccc3[nH]2)n1,0.3143137000566958,3.8473000000000015,411.5580000000001,8,4,106.68,13,9,0,0,0,0.01,0.8444171666666663
CCCCCCNc1nc(NCCCN(C)C)nc(Nc2nc3ccccc3[nH]2)n1,0.3143137000566958,3.8473000000000015,411.5580000000001,8,4,106.68,13,9,0,0,0,0.5,0.9468769166666686
CCCCCCNc1nc(NCCCN(C)C)nc(Nc2nc3ccccc3[nH]2)n1,0.3143137000566958,3.8473000000000015,411.5580000000001,8,4,106.68,13,9,0,0,0,0.05,0.8715764166666663
CCCCCCNc1nc(NCCCN(C)C)nc(Nc2nc3ccccc3[nH]2)n1,0.3143137000566958,3.8473000000000015,411.5580000000001,8,4,106.68,13,9,0,0,0,0.001,0.7344154999999998
CCCCCCNc1nc(NCCCN(C)C)nc(Nc2nc3ccccc3[nH]2)n1,0.3143137000566958,3.8473000000000015,411.5580000000001,8,4,106.68,13,9,0,0,0,5.0,0.9658675000000021
CCCCCCNc1nc(NCCCN(C)C)nc(Nc2nc3ccccc3[nH]2)n1,0.3143137000566958,3.8473000000000015,411.5580000000001,8,4,106.68,13,9,0,0,0,0.25,0.9402082666666669
CCCCCCNc1nc(NCCCN(C)C)nc(Nc2nc3ccccc3[nH]2)n1,0.3143137000566958,3.8473000000000015,411.5580000000001,8,4,106.68,13,9,0,0,0,0.005,0.7228519999999997
CCCCCCNc1nc(NCCCN(C)C)nc(Nc2nc3ccccc3[nH]2)n1,0.3143137000566958,3.8473000000000015,411.5580000000001,8,4,106.68,13,9,0,0,0,2.0,0.963899999999999
CCCCCCNc1nc(NCCCN(C)C)nc(Nc2nc3ccccc3[nH]2)n1,0.3143137000566958,3.8473000000000015,411.5580000000001,8,4,106.68,13,9,0,0,0,0.2,0.9401425166666669
CCCCCCNc1nc(NCCCN(C)C)nc(Nc2nc3ccccc3[nH]2)n1,0.3143137000566958,3.8473000000000015,411.5580000000001,8,4,106.68,13,9,0,0,0,0.4,0.9478342500000019
CCCCCCNc1nc(NCCCN(C)C)nc(Nc2nc3ccccc3[nH]2)n1,0.3143137000566958,3.8473000000000015,411.5580000000001,8,4,106.68,13,9,0,0,0,0.8,0.9632694999999987
CCCCCCNc1nc(NCCCN(C)C)nc(Nc2nc3ccccc3[nH]2)n1,0.3143137000566958,3.8473000000000015,411.5580000000001,8,4,106.68,13,9,0,0,0,2.5,0.9637855000000011
O=[N+]([O-])c1ccc(-c2nc3ccccc3[nH]2)cc1,0.5511785307845071,3.138100000000001,239.23400000000004,3,1,71.82,2,3,0,2,0,1.0,0.9291139404761906
O=[N+]([O-])c1ccc(-c2nc3ccccc3[nH]2)cc1,0.5511785307845071,3.138100000000001,239.23400000000004,3,1,71.82,2,3,0,2,0,0.1,0.8690754999999997
O=[N+]([O-])c1ccc(-c2nc3ccccc3[nH]2)cc1,0.5511785307845071,3.138100000000001,239.23400000000004,3,1,71.82,2,3,0,2,0,0.01,0.7622077500000002
O=[N+]([O-])c1ccc(-c2nc3ccccc3[nH]2)cc1,0.5511785307845071,3.138100000000001,239.23400000000004,3,1,71.82,2,3,0,2,0,0.5,0.894867630952382
O=[N+]([O-])c1ccc(-c2nc3ccccc3[nH]2)cc1,0.5511785307845071,3.138100000000001,239.23400000000004,3,1,71.82,2,3,0,2,0,0.05,0.8159265000000003
O=[N+]([O-])c1ccc(-c2nc3ccccc3[nH]2)cc1,0.5511785307845071,3.138100000000001,239.23400000000004,3,1,71.82,2,3,0,2,0,0.001,0.6288464999999998
O=[N+]([O-])c1ccc(-c2nc3ccccc3[nH]2)cc1,0.5511785307845071,3.138100000000001,239.23400000000004,3,1,71.82,2,3,0,2,0,5.0,0.9364046250000001
O=[N+]([O-])c1ccc(-c2nc3ccccc3[nH]2)cc1,0.5511785307845071,3.138100000000001,239.23400000000004,3,1,71.82,2,3,0,2,0,0.25,0.8729107499999997
O=[N+]([O-])c1ccc(-c2nc3ccccc3[nH]2)cc1,0.5511785307845071,3.138100000000001,239.23400000000004,3,1,71.82,2,3,0,2,0,0.005,0.6398339999999997
O=[N+]([O-])c1ccc(-c2nc3ccccc3[nH]2)cc1,0.5511785307845071,3.138100000000001,239.23400000000004,3,1,71.82,2,3,0,2,0,2.0,0.9291187321428572
O=[N+]([O-])c1ccc(-c2nc3ccccc3[nH]2)cc1,0.5511785307845071,3.138100000000001,239.23400000000004,3,1,71.82,2,3,0,2,0,0.2,0.8697749166666664
O=[N+]([O-])c1ccc(-c2nc3ccccc3[nH]2)cc1,0.5511785307845071,3.138100000000001,239.23400000000004,3,1,71.82,2,3,0,2,0,0.4,0.8945965976190486
O=[N+]([O-])c1ccc(-c2nc3ccccc3[nH]2)cc1,0.5511785307845071,3.138100000000001,239.23400000000004,3,1,71.82,2,3,0,2,0,0.8,0.9288764571428573
O=[N+]([O-])c1ccc(-c2nc3ccccc3[nH]2)cc1,0.5511785307845071,3.138100000000001,239.23400000000004,3,1,71.82,2,3,0,2,0,2.5,0.9295462321428571
CN(C)c1ccc(/C=C/c2nc3ccccc3[nH]c2=O)cc1,0.8061135674954474,3.1595000000000004,291.354,3,1,48.99,3,3,0,1,0,1.0,0.9478692499999992
CN(C)c1ccc(/C=C/c2nc3ccccc3[nH]c2=O)cc1,0.8061135674954474,3.1595000000000004,291.354,3,1,48.99,3,3,0,1,0,0.1,0.9131204999999994
CN(C)c1ccc(/C=C/c2nc3ccccc3[nH]c2=O)cc1,0.8061135674954474,3.1595000000000004,291.354,3,1,48.99,3,3,0,1,0,0.01,0.8567424999999997
CN(C)c1ccc(/C=C/c2nc3ccccc3[nH]c2=O)cc1,0.8061135674954474,3.1595000000000004,291.354,3,1,48.99,3,3,0,1,0,0.5,0.9052898333333332
CN(C)c1ccc(/C=C/c2nc3ccccc3[nH]c2=O)cc1,0.8061135674954474,3.1595000000000004,291.354,3,1,48.99,3,3,0,1,0,0.05,0.8696705000000006
CN(C)c1ccc(/C=C/c2nc3ccccc3[nH]c2=O)cc1,0.8061135674954474,3.1595000000000004,291.354,3,1,48.99,3,3,0,1,0,0.001,0.8056264999999979
CN(C)c1ccc(/C=C/c2nc3ccccc3[nH]c2=O)cc1,0.8061135674954474,3.1595000000000004,291.354,3,1,48.99,3,3,0,1,0,5.0,0.9491514999999994
CN(C)c1ccc(/C=C/c2nc3ccccc3[nH]c2=O)cc1,0.8061135674954474,3.1595000000000004,291.354,3,1,48.99,3,3,0,1,0,0.25,0.8997089999999999
CN(C)c1ccc(/C=C/c2nc3ccccc3[nH]c2=O)cc1,0.8061135674954474,3.1595000000000004,291.354,3,1,48.99,3,3,0,1,0,0.005,0.7999049999999981
CN(C)c1ccc(/C=C/c2nc3ccccc3[nH]c2=O)cc1,0.8061135674954474,3.1595000000000004,291.354,3,1,48.99,3,3,0,1,0,2.0,0.945537299999999
CN(C)c1ccc(/C=C/c2nc3ccccc3[nH]c2=O)cc1,0.8061135674954474,3.1595000000000004,291.354,3,1,48.99,3,3,0,1,0,0.2,0.9026354999999998
CN(C)c1ccc(/C=C/c2nc3ccccc3[nH]c2=O)cc1,0.8061135674954474,3.1595000000000004,291.354,3,1,48.99,3,3,0,1,0,0.4,0.9043798333333335
CN(C)c1ccc(/C=C/c2nc3ccccc3[nH]c2=O)cc1,0.8061135674954474,3.1595000000000004,291.354,3,1,48.99,3,3,0,1,0,0.8,0.9474949666666658
CN(C)c1ccc(/C=C/c2nc3ccccc3[nH]c2=O)cc1,0.8061135674954474,3.1595000000000004,291.354,3,1,48.99,3,3,0,1,0,2.5,0.9456727999999992
CCC[n+]1ccc(C(=O)N/N=C/c2ccc(F)cc2)cc1.[I-],0.2996233372698553,-0.7088999999999992,413.234,2,1,45.34,5,3,0,1,0,1.0,0.8941194999999995
CCC[n+]1ccc(C(=O)N/N=C/c2ccc(F)cc2)cc1.[I-],0.2996233372698553,-0.7088999999999992,413.234,2,1,45.34,5,3,0,1,0,0.1,0.5090350000000011
CCC[n+]1ccc(C(=O)N/N=C/c2ccc(F)cc2)cc1.[I-],0.2996233372698553,-0.7088999999999992,413.234,2,1,45.34,5,3,0,1,0,0.01,0.4324102500000005
CCC[n+]1ccc(C(=O)N/N=C/c2ccc(F)cc2)cc1.[I-],0.2996233372698553,-0.7088999999999992,413.234,2,1,45.34,5,3,0,1,0,0.5,0.7910539999999976
CCC[n+]1ccc(C(=O)N/N=C/c2ccc(F)cc2)cc1.[I-],0.2996233372698553,-0.7088999999999992,413.234,2,1,45.34,5,3,0,1,0,0.05,0.4110012500000003
CCC[n+]1ccc(C(=O)N/N=C/c2ccc(F)cc2)cc1.[I-],0.2996233372698553,-0.7088999999999992,413.234,2,1,45.34,5,3,0,1,0,0.001,0.48297775000000054
CCC[n+]1ccc(C(=O)N/N=C/c2ccc(F)cc2)cc1.[I-],0.2996233372698553,-0.7088999999999992,413.234,2,1,45.34,5,3,0,1,0,5.0,0.9000661428571425
CCC[n+]1ccc(C(=O)N/N=C/c2ccc(F)cc2)cc1.[I-],0.2996233372698553,-0.7088999999999992,413.234,2,1,45.34,5,3,0,1,0,0.25,0.5706596666666672
CCC[n+]1ccc(C(=O)N/N=C/c2ccc(F)cc2)cc1.[I-],0.2996233372698553,-0.7088999999999992,413.234,2,1,45.34,5,3,0,1,0,0.005,0.48024125000000045
CCC[n+]1ccc(C(=O)N/N=C/c2ccc(F)cc2)cc1.[I-],0.2996233372698553,-0.7088999999999992,413.234,2,1,45.34,5,3,0,1,0,2.0,0.8960301428571422
CCC[n+]1ccc(C(=O)N/N=C/c2ccc(F)cc2)cc1.[I-],0.2996233372698553,-0.7088999999999992,413.234,2,1,45.34,5,3,0,1,0,0.2,0.5548056666666674
CCC[n+]1ccc(C(=O)N/N=C/c2ccc(F)cc2)cc1.[I-],0.2996233372698553,-0.7088999999999992,413.234,2,1,45.34,5,3,0,1,0,0.4,0.7753389999999979
CCC[n+]1ccc(C(=O)N/N=C/c2ccc(F)cc2)cc1.[I-],0.2996233372698553,-0.7088999999999992,413.234,2,1,45.34,5,3,0,1,0,0.8,0.8940044999999995
CCC[n+]1ccc(C(=O)N/N=C/c2ccc(F)cc2)cc1.[I-],0.2996233372698553,-0.7088999999999992,413.234,2,1,45.34,5,3,0,1,0,2.5,0.8957051428571424
CC1(C)COC(=S)N1,0.4881455870223184,0.6697,131.20000000000002,2,1,21.26,0,1,1,1,0,1.0,0.7799729999999999
CC1(C)COC(=S)N1,0.4881455870223184,0.6697,131.20000000000002,2,1,21.26,0,1,1,1,0,0.1,0.6125249999999984
CC1(C)COC(=S)N1,0.4881455870223184,0.6697,131.20000000000002,2,1,21.26,0,1,1,1,0,0.01,0.5938264999999988
CC1(C)COC(=S)N1,0.4881455870223184,0.6697,131.20000000000002,2,1,21.26,0,1,1,1,0,0.5,0.663804999999998
CC1(C)COC(=S)N1,0.4881455870223184,0.6697,131.20000000000002,2,1,21.26,0,1,1,1,0,0.05,0.5940034999999988
CC1(C)COC(=S)N1,0.4881455870223184,0.6697,131.20000000000002,2,1,21.26,0,1,1,1,0,0.001,0.5834864999999986
CC1(C)COC(=S)N1,0.4881455870223184,0.6697,131.20000000000002,2,1,21.26,0,1,1,1,0,5.0,0.8144119999999997
CC1(C)COC(=S)N1,0.4881455870223184,0.6697,131.20000000000002,2,1,21.26,0,1,1,1,0,0.25,0.6127549999999985
CC1(C)COC(=S)N1,0.4881455870223184,0.6697,131.20000000000002,2,1,21.26,0,1,1,1,0,0.005,0.5834864999999986
CC1(C)COC(=S)N1,0.4881455870223184,0.6697,131.20000000000002,2,1,21.26,0,1,1,1,0,2.0,0.8117619999999997
CC1(C)COC(=S)N1,0.4881455870223184,0.6697,131.20000000000002,2,1,21.26,0,1,1,1,0,0.2,0.6127549999999985
CC1(C)COC(=S)N1,0.4881455870223184,0.6697,131.20000000000002,2,1,21.26,0,1,1,1,0,0.4,0.6679549999999979
CC1(C)COC(=S)N1,0.4881455870223184,0.6697,131.20000000000002,2,1,21.26,0,1,1,1,0,0.8,0.7799729999999999
CC1(C)COC(=S)N1,0.4881455870223184,0.6697,131.20000000000002,2,1,21.26,0,1,1,1,0,2.5,0.8117619999999997
Nc1nc(-c2ccc(O)cc2)cs1,0.7269827726738789,2.0979,192.243,4,2,59.14,1,2,1,1,0,1.0,0.8775005
Nc1nc(-c2ccc(O)cc2)cs1,0.7269827726738789,2.0979,192.243,4,2,59.14,1,2,1,1,0,0.1,0.7956289999999983
Nc1nc(-c2ccc(O)cc2)cs1,0.7269827726738789,2.0979,192.243,4,2,59.14,1,2,1,1,0,0.01,0.7849759999999992
Nc1nc(-c2ccc(O)cc2)cs1,0.7269827726738789,2.0979,192.243,4,2,59.14,1,2,1,1,0,0.5,0.8537287499999999
Nc1nc(-c2ccc(O)cc2)cs1,0.7269827726738789,2.0979,192.243,4,2,59.14,1,2,1,1,0,0.05,0.7912492499999992
Nc1nc(-c2ccc(O)cc2)cs1,0.7269827726738789,2.0979,192.243,4,2,59.14,1,2,1,1,0,0.001,0.7946665
Nc1nc(-c2ccc(O)cc2)cs1,0.7269827726738789,2.0979,192.243,4,2,59.14,1,2,1,1,0,5.0,0.8930773333333336
Nc1nc(-c2ccc(O)cc2)cs1,0.7269827726738789,2.0979,192.243,4,2,59.14,1,2,1,1,0,0.25,0.8145074285714275
Nc1nc(-c2ccc(O)cc2)cs1,0.7269827726738789,2.0979,192.243,4,2,59.14,1,2,1,1,0,0.005,0.7864749999999999
Nc1nc(-c2ccc(O)cc2)cs1,0.7269827726738789,2.0979,192.243,4,2,59.14,1,2,1,1,0,2.0,0.8858485
Nc1nc(-c2ccc(O)cc2)cs1,0.7269827726738789,2.0979,192.243,4,2,59.14,1,2,1,1,0,0.2,0.8036066666666655
Nc1nc(-c2ccc(O)cc2)cs1,0.7269827726738789,2.0979,192.243,4,2,59.14,1,2,1,1,0,0.4,0.8542337499999999
Nc1nc(-c2ccc(O)cc2)cs1,0.7269827726738789,2.0979,192.243,4,2,59.14,1,2,1,1,0,0.8,0.8750230000000001
Nc1nc(-c2ccc(O)cc2)cs1,0.7269827726738789,2.0979,192.243,4,2,59.14,1,2,1,1,0,2.5,0.8863180000000002
COc1ccc(/C=N/c2ccc(-c3ccc(/N=C/c4ccc(OC)cc4)cc3)cc2)cc1,0.3061544420376582,6.872000000000007,420.5120000000001,4,0,43.18000000000001,7,2,0,2,0,1.0,0.8831369999999998
COc1ccc(/C=N/c2ccc(-c3ccc(/N=C/c4ccc(OC)cc4)cc3)cc2)cc1,0.3061544420376582,6.872000000000007,420.5120000000001,4,0,43.18000000000001,7,2,0,2,0,0.1,0.9233129999999988
COc1ccc(/C=N/c2ccc(-c3ccc(/N=C/c4ccc(OC)cc4)cc3)cc2)cc1,0.3061544420376582,6.872000000000007,420.5120000000001,4,0,43.18000000000001,7,2,0,2,0,0.01,0.8376060000000003
COc1ccc(/C=N/c2ccc(-c3ccc(/N=C/c4ccc(OC)cc4)cc3)cc2)cc1,0.3061544420376582,6.872000000000007,420.5120000000001,4,0,43.18000000000001,7,2,0,2,0,0.5,0.9513066666666677
COc1ccc(/C=N/c2ccc(-c3ccc(/N=C/c4ccc(OC)cc4)cc3)cc2)cc1,0.3061544420376582,6.872000000000007,420.5120000000001,4,0,43.18000000000001,7,2,0,2,0,0.05,0.8214125000000003
COc1ccc(/C=N/c2ccc(-c3ccc(/N=C/c4ccc(OC)cc4)cc3)cc2)cc1,0.3061544420376582,6.872000000000007,420.5120000000001,4,0,43.18000000000001,7,2,0,2,0,0.001,0.8113545000000003
COc1ccc(/C=N/c2ccc(-c3ccc(/N=C/c4ccc(OC)cc4)cc3)cc2)cc1,0.3061544420376582,6.872000000000007,420.5120000000001,4,0,43.18000000000001,7,2,0,2,0,5.0,0.9149104999999988
COc1ccc(/C=N/c2ccc(-c3ccc(/N=C/c4ccc(OC)cc4)cc3)cc2)cc1,0.3061544420376582,6.872000000000007,420.5120000000001,4,0,43.18000000000001,7,2,0,2,0,0.25,0.939164499999998
COc1ccc(/C=N/c2ccc(-c3ccc(/N=C/c4ccc(OC)cc4)cc3)cc2)cc1,0.3061544420376582,6.872000000000007,420.5120000000001,4,0,43.18000000000001,7,2,0,2,0,0.005,0.7961640000000005
COc1ccc(/C=N/c2ccc(-c3ccc(/N=C/c4ccc(OC)cc4)cc3)cc2)cc1,0.3061544420376582,6.872000000000007,420.5120000000001,4,0,43.18000000000001,7,2,0,2,0,2.0,0.8857749999999998
COc1ccc(/C=N/c2ccc(-c3ccc(/N=C/c4ccc(OC)cc4)cc3)cc2)cc1,0.3061544420376582,6.872000000000007,420.5120000000001,4,0,43.18000000000001,7,2,0,2,0,0.2,0.9373514999999979
COc1ccc(/C=N/c2ccc(-c3ccc(/N=C/c4ccc(OC)cc4)cc3)cc2)cc1,0.3061544420376582,6.872000000000007,420.5120000000001,4,0,43.18000000000001,7,2,0,2,0,0.4,0.9511171666666676
COc1ccc(/C=N/c2ccc(-c3ccc(/N=C/c4ccc(OC)cc4)cc3)cc2)cc1,0.3061544420376582,6.872000000000007,420.5120000000001,4,0,43.18000000000001,7,2,0,2,0,0.8,0.8831719999999998
COc1ccc(/C=N/c2ccc(-c3ccc(/N=C/c4ccc(OC)cc4)cc3)cc2)cc1,0.3061544420376582,6.872000000000007,420.5120000000001,4,0,43.18000000000001,7,2,0,2,0,2.5,0.8858399999999996
Nc1nc2ccccc2[nH]1,0.5658999712435825,1.1451,133.15399999999997,2,2,54.7,0,3,0,0,0,1.0,0.4802399999999998
Nc1nc2ccccc2[nH]1,0.5658999712435825,1.1451,133.15399999999997,2,2,54.7,0,3,0,0,0,0.1,0.1479480000000002
Nc1nc2ccccc2[nH]1,0.5658999712435825,1.1451,133.15399999999997,2,2,54.7,0,3,0,0,0,0.01,0.1027824999999998
Nc1nc2ccccc2[nH]1,0.5658999712435825,1.1451,133.15399999999997,2,2,54.7,0,3,0,0,0,0.5,0.22117599999999954
Nc1nc2ccccc2[nH]1,0.5658999712435825,1.1451,133.15399999999997,2,2,54.7,0,3,0,0,0,0.05,0.10338949999999981
Nc1nc2ccccc2[nH]1,0.5658999712435825,1.1451,133.15399999999997,2,2,54.7,0,3,0,0,0,0.001,0.1027824999999998
Nc1nc2ccccc2[nH]1,0.5658999712435825,1.1451,133.15399999999997,2,2,54.7,0,3,0,0,0,5.0,0.5918284999999989
Nc1nc2ccccc2[nH]1,0.5658999712435825,1.1451,133.15399999999997,2,2,54.7,0,3,0,0,0,0.25,0.14824800000000019
Nc1nc2ccccc2[nH]1,0.5658999712435825,1.1451,133.15399999999997,2,2,54.7,0,3,0,0,0,0.005,0.1027824999999998
Nc1nc2ccccc2[nH]1,0.5658999712435825,1.1451,133.15399999999997,2,2,54.7,0,3,0,0,0,2.0,0.48151449999999973
Nc1nc2ccccc2[nH]1,0.5658999712435825,1.1451,133.15399999999997,2,2,54.7,0,3,0,0,0,0.2,0.14824800000000019
Nc1nc2ccccc2[nH]1,0.5658999712435825,1.1451,133.15399999999997,2,2,54.7,0,3,0,0,0,0.4,0.22117599999999954
Nc1nc2ccccc2[nH]1,0.5658999712435825,1.1451,133.15399999999997,2,2,54.7,0,3,0,0,0,0.8,0.4802399999999998
Nc1nc2ccccc2[nH]1,0.5658999712435825,1.1451,133.15399999999997,2,2,54.7,0,3,0,0,0,2.5,0.5376870000000009
[N-]=[N+]=NCc1cc(CN2CCCCC2)c(O)c2ncccc12,0.5296835730137298,3.736600000000002,297.362,4,1,85.12,4,5,0,1,0,1.0,0.8898169999999982
[N-]=[N+]=NCc1cc(CN2CCCCC2)c(O)c2ncccc12,0.5296835730137298,3.736600000000002,297.362,4,1,85.12,4,5,0,1,0,0.1,0.8370569999999976
[N-]=[N+]=NCc1cc(CN2CCCCC2)c(O)c2ncccc12,0.5296835730137298,3.736600000000002,297.362,4,1,85.12,4,5,0,1,0,0.01,0.7239804999999988
[N-]=[N+]=NCc1cc(CN2CCCCC2)c(O)c2ncccc12,0.5296835730137298,3.736600000000002,297.362,4,1,85.12,4,5,0,1,0,0.5,0.8374803333333327
[N-]=[N+]=NCc1cc(CN2CCCCC2)c(O)c2ncccc12,0.5296835730137298,3.736600000000002,297.362,4,1,85.12,4,5,0,1,0,0.05,0.7589328333333323
[N-]=[N+]=NCc1cc(CN2CCCCC2)c(O)c2ncccc12,0.5296835730137298,3.736600000000002,297.362,4,1,85.12,4,5,0,1,0,0.001,0.6174719999999981
[N-]=[N+]=NCc1cc(CN2CCCCC2)c(O)c2ncccc12,0.5296835730137298,3.736600000000002,297.362,4,1,85.12,4,5,0,1,0,5.0,0.8992964999999994
[N-]=[N+]=NCc1cc(CN2CCCCC2)c(O)c2ncccc12,0.5296835730137298,3.736600000000002,297.362,4,1,85.12,4,5,0,1,0,0.25,0.8335259999999981
[N-]=[N+]=NCc1cc(CN2CCCCC2)c(O)c2ncccc12,0.5296835730137298,3.736600000000002,297.362,4,1,85.12,4,5,0,1,0,0.005,0.6165549999999985
[N-]=[N+]=NCc1cc(CN2CCCCC2)c(O)c2ncccc12,0.5296835730137298,3.736600000000002,297.362,4,1,85.12,4,5,0,1,0,2.0,0.8964524999999992
[N-]=[N+]=NCc1cc(CN2CCCCC2)c(O)c2ncccc12,0.5296835730137298,3.736600000000002,297.362,4,1,85.12,4,5,0,1,0,0.2,0.832150499999998
[N-]=[N+]=NCc1cc(CN2CCCCC2)c(O)c2ncccc12,0.5296835730137298,3.736600000000002,297.362,4,1,85.12,4,5,0,1,0,0.4,0.8378353333333327
[N-]=[N+]=NCc1cc(CN2CCCCC2)c(O)c2ncccc12,0.5296835730137298,3.736600000000002,297.362,4,1,85.12,4,5,0,1,0,0.8,0.8897819999999983
[N-]=[N+]=NCc1cc(CN2CCCCC2)c(O)c2ncccc12,0.5296835730137298,3.736600000000002,297.362,4,1,85.12,4,5,0,1,0,2.5,0.8964024999999992
C=C(C)n1c(=O)n(Cc2ccc(O)c3ncccc23)c2ccccc21,0.6238850590367908,3.5957000000000026,331.37500000000006,5,1,60.05,3,3,0,2,0,1.0,0.9293677500000023
C=C(C)n1c(=O)n(Cc2ccc(O)c3ncccc23)c2ccccc21,0.6238850590367908,3.5957000000000026,331.37500000000006,5,1,60.05,3,3,0,2,0,0.1,0.8781725000000006
C=C(C)n1c(=O)n(Cc2ccc(O)c3ncccc23)c2ccccc21,0.6238850590367908,3.5957000000000026,331.37500000000006,5,1,60.05,3,3,0,2,0,0.01,0.8544080000000008
C=C(C)n1c(=O)n(Cc2ccc(O)c3ncccc23)c2ccccc21,0.6238850590367908,3.5957000000000026,331.37500000000006,5,1,60.05,3,3,0,2,0,0.5,0.8934985833333334
C=C(C)n1c(=O)n(Cc2ccc(O)c3ncccc23)c2ccccc21,0.6238850590367908,3.5957000000000026,331.37500000000006,5,1,60.05,3,3,0,2,0,0.05,0.8770995000000005
C=C(C)n1c(=O)n(Cc2ccc(O)c3ncccc23)c2ccccc21,0.6238850590367908,3.5957000000000026,331.37500000000006,5,1,60.05,3,3,0,2,0,0.001,0.8050849999999992
C=C(C)n1c(=O)n(Cc2ccc(O)c3ncccc23)c2ccccc21,0.6238850590367908,3.5957000000000026,331.37500000000006,5,1,60.05,3,3,0,2,0,5.0,0.9329715416666682
C=C(C)n1c(=O)n(Cc2ccc(O)c3ncccc23)c2ccccc21,0.6238850590367908,3.5957000000000026,331.37500000000006,5,1,60.05,3,3,0,2,0,0.25,0.8837080833333333
C=C(C)n1c(=O)n(Cc2ccc(O)c3ncccc23)c2ccccc21,0.6238850590367908,3.5957000000000026,331.37500000000006,5,1,60.05,3,3,0,2,0,0.005,0.7942999999999995
C=C(C)n1c(=O)n(Cc2ccc(O)c3ncccc23)c2ccccc21,0.6238850590367908,3.5957000000000026,331.37500000000006,5,1,60.05,3,3,0,2,0,2.0,0.9270910416666683
C=C(C)n1c(=O)n(Cc2ccc(O)c3ncccc23)c2ccccc21,0.6238850590367908,3.5957000000000026,331.37500000000006,5,1,60.05,3,3,0,2,0,0.2,0.8832808333333335
C=C(C)n1c(=O)n(Cc2ccc(O)c3ncccc23)c2ccccc21,0.6238850590367908,3.5957000000000026,331.37500000000006,5,1,60.05,3,3,0,2,0,0.4,0.8938165833333335
C=C(C)n1c(=O)n(Cc2ccc(O)c3ncccc23)c2ccccc21,0.6238850590367908,3.5957000000000026,331.37500000000006,5,1,60.05,3,3,0,2,0,0.8,0.9281739666666688
C=C(C)n1c(=O)n(Cc2ccc(O)c3ncccc23)c2ccccc21,0.6238850590367908,3.5957000000000026,331.37500000000006,5,1,60.05,3,3,0,2,0,2.5,0.9273110416666682
Clc1ccc(-n2ccnc2)cc1,0.6563802978814093,2.5257,178.622,2,0,17.82,1,2,0,0,0,1.0,0.5401042619047624
Clc1ccc(-n2ccnc2)cc1,0.6563802978814093,2.5257,178.622,2,0,17.82,1,2,0,0,0,0.1,0.3942415734126989
Clc1ccc(-n2ccnc2)cc1,0.6563802978814093,2.5257,178.622,2,0,17.82,1,2,0,0,0,0.01,0.47416165674603244
Clc1ccc(-n2ccnc2)cc1,0.6563802978814093,2.5257,178.622,2,0,17.82,1,2,0,0,0,0.5,0.48008119841269786
Clc1ccc(-n2ccnc2)cc1,0.6563802978814093,2.5257,178.622,2,0,17.82,1,2,0,0,0,0.05,0.4575745734126992
Clc1ccc(-n2ccnc2)cc1,0.6563802978814093,2.5257,178.622,2,0,17.82,1,2,0,0,0,0.001,0.5155729067460322
Clc1ccc(-n2ccnc2)cc1,0.6563802978814093,2.5257,178.622,2,0,17.82,1,2,0,0,0,5.0,0.6166229642857146
Clc1ccc(-n2ccnc2)cc1,0.6563802978814093,2.5257,178.622,2,0,17.82,1,2,0,0,0,0.25,0.40771401388888906
Clc1ccc(-n2ccnc2)cc1,0.6563802978814093,2.5257,178.622,2,0,17.82,1,2,0,0,0,0.005,0.5124554067460323
Clc1ccc(-n2ccnc2)cc1,0.6563802978814093,2.5257,178.622,2,0,17.82,1,2,0,0,0,2.0,0.5453937500000002
Clc1ccc(-n2ccnc2)cc1,0.6563802978814093,2.5257,178.622,2,0,17.82,1,2,0,0,0,0.2,0.40442684722222255
Clc1ccc(-n2ccnc2)cc1,0.6563802978814093,2.5257,178.622,2,0,17.82,1,2,0,0,0,0.4,0.48008119841269786
Clc1ccc(-n2ccnc2)cc1,0.6563802978814093,2.5257,178.622,2,0,17.82,1,2,0,0,0,0.8,0.5401042619047624
Clc1ccc(-n2ccnc2)cc1,0.6563802978814093,2.5257,178.622,2,0,17.82,1,2,0,0,0,2.5,0.5453937500000002
CC(C)(C)c1ccc(CSc2nnc(Cn3cncn3)o2)cc1,0.6689872636304394,3.2992000000000017,329.42900000000003,7,0,69.63,5,5,1,1,0,1.0,0.9686446249999979
CC(C)(C)c1ccc(CSc2nnc(Cn3cncn3)o2)cc1,0.6689872636304394,3.2992000000000017,329.42900000000003,7,0,69.63,5,5,1,1,0,0.1,0.8196804999999995
CC(C)(C)c1ccc(CSc2nnc(Cn3cncn3)o2)cc1,0.6689872636304394,3.2992000000000017,329.42900000000003,7,0,69.63,5,5,1,1,0,0.01,0.7518257499999996
CC(C)(C)c1ccc(CSc2nnc(Cn3cncn3)o2)cc1,0.6689872636304394,3.2992000000000017,329.42900000000003,7,0,69.63,5,5,1,1,0,0.5,0.8490127499999996
CC(C)(C)c1ccc(CSc2nnc(Cn3cncn3)o2)cc1,0.6689872636304394,3.2992000000000017,329.42900000000003,7,0,69.63,5,5,1,1,0,0.05,0.7805975833333331
CC(C)(C)c1ccc(CSc2nnc(Cn3cncn3)o2)cc1,0.6689872636304394,3.2992000000000017,329.42900000000003,7,0,69.63,5,5,1,1,0,0.001,0.6997769999999999
CC(C)(C)c1ccc(CSc2nnc(Cn3cncn3)o2)cc1,0.6689872636304394,3.2992000000000017,329.42900000000003,7,0,69.63,5,5,1,1,0,5.0,0.9690072499999995
CC(C)(C)c1ccc(CSc2nnc(Cn3cncn3)o2)cc1,0.6689872636304394,3.2992000000000017,329.42900000000003,7,0,69.63,5,5,1,1,0,0.25,0.8395244999999997
CC(C)(C)c1ccc(CSc2nnc(Cn3cncn3)o2)cc1,0.6689872636304394,3.2992000000000017,329.42900000000003,7,0,69.63,5,5,1,1,0,0.005,0.7087735000000001
CC(C)(C)c1ccc(CSc2nnc(Cn3cncn3)o2)cc1,0.6689872636304394,3.2992000000000017,329.42900000000003,7,0,69.63,5,5,1,1,0,2.0,0.9681822499999995
CC(C)(C)c1ccc(CSc2nnc(Cn3cncn3)o2)cc1,0.6689872636304394,3.2992000000000017,329.42900000000003,7,0,69.63,5,5,1,1,0,0.2,0.8363534999999996
CC(C)(C)c1ccc(CSc2nnc(Cn3cncn3)o2)cc1,0.6689872636304394,3.2992000000000017,329.42900000000003,7,0,69.63,5,5,1,1,0,0.4,0.8488969999999996
CC(C)(C)c1ccc(CSc2nnc(Cn3cncn3)o2)cc1,0.6689872636304394,3.2992000000000017,329.42900000000003,7,0,69.63,5,5,1,1,0,0.8,0.9661985416666649
CC(C)(C)c1ccc(CSc2nnc(Cn3cncn3)o2)cc1,0.6689872636304394,3.2992000000000017,329.42900000000003,7,0,69.63,5,5,1,1,0,2.5,0.9686752499999998
CC(C)(C)OC(=O)NCc1ccc(O)c2ncccc12,0.8827956093505809,2.9651000000000014,274.32,4,2,71.45,2,2,0,3,0,1.0,0.9082400000000018
CC(C)(C)OC(=O)NCc1ccc(O)c2ncccc12,0.8827956093505809,2.9651000000000014,274.32,4,2,71.45,2,2,0,3,0,0.1,0.8739639999999997
CC(C)(C)OC(=O)NCc1ccc(O)c2ncccc12,0.8827956093505809,2.9651000000000014,274.32,4,2,71.45,2,2,0,3,0,0.01,0.8341154999999999
CC(C)(C)OC(=O)NCc1ccc(O)c2ncccc12,0.8827956093505809,2.9651000000000014,274.32,4,2,71.45,2,2,0,3,0,0.5,0.8776816666666657
CC(C)(C)OC(=O)NCc1ccc(O)c2ncccc12,0.8827956093505809,2.9651000000000014,274.32,4,2,71.45,2,2,0,3,0,0.05,0.8399510000000006
CC(C)(C)OC(=O)NCc1ccc(O)c2ncccc12,0.8827956093505809,2.9651000000000014,274.32,4,2,71.45,2,2,0,3,0,0.001,0.7655114999999981
CC(C)(C)OC(=O)NCc1ccc(O)c2ncccc12,0.8827956093505809,2.9651000000000014,274.32,4,2,71.45,2,2,0,3,0,5.0,0.9085870000000014
CC(C)(C)OC(=O)NCc1ccc(O)c2ncccc12,0.8827956093505809,2.9651000000000014,274.32,4,2,71.45,2,2,0,3,0,0.25,0.8615799999999993
CC(C)(C)OC(=O)NCc1ccc(O)c2ncccc12,0.8827956093505809,2.9651000000000014,274.32,4,2,71.45,2,2,0,3,0,0.005,0.7625989999999981
CC(C)(C)OC(=O)NCc1ccc(O)c2ncccc12,0.8827956093505809,2.9651000000000014,274.32,4,2,71.45,2,2,0,3,0,2.0,0.9058870000000019
CC(C)(C)OC(=O)NCc1ccc(O)c2ncccc12,0.8827956093505809,2.9651000000000014,274.32,4,2,71.45,2,2,0,3,0,0.2,0.8503734999999998
CC(C)(C)OC(=O)NCc1ccc(O)c2ncccc12,0.8827956093505809,2.9651000000000014,274.32,4,2,71.45,2,2,0,3,0,0.4,0.8773186666666659
CC(C)(C)OC(=O)NCc1ccc(O)c2ncccc12,0.8827956093505809,2.9651000000000014,274.32,4,2,71.45,2,2,0,3,0,0.8,0.9081565000000019
CC(C)(C)OC(=O)NCc1ccc(O)c2ncccc12,0.8827956093505809,2.9651000000000014,274.32,4,2,71.45,2,2,0,3,0,2.5,0.9065970000000019
C[NH+]1CCN(CCO)C1.O=S(=O)([N-]S(=O)(=O)C(F)(F)C(F)(F)F)C(F)(F)C(F)(F)F,0.4899472769254461,0.0964000000000021,511.36,6,2,110.29,6,3,2,5,0,1.0,0.8302514999999968
C[NH+]1CCN(CCO)C1.O=S(=O)([N-]S(=O)(=O)C(F)(F)C(F)(F)F)C(F)(F)C(F)(F)F,0.4899472769254461,0.0964000000000021,511.36,6,2,110.29,6,3,2,5,0,0.1,0.39137425
C[NH+]1CCN(CCO)C1.O=S(=O)([N-]S(=O)(=O)C(F)(F)C(F)(F)F)C(F)(F)C(F)(F)F,0.4899472769254461,0.0964000000000021,511.36,6,2,110.29,6,3,2,5,0,0.01,0.4646557500000002
C[NH+]1CCN(CCO)C1.O=S(=O)([N-]S(=O)(=O)C(F)(F)C(F)(F)F)C(F)(F)C(F)(F)F,0.4899472769254461,0.0964000000000021,511.36,6,2,110.29,6,3,2,5,0,0.5,0.6829699999999985
C[NH+]1CCN(CCO)C1.O=S(=O)([N-]S(=O)(=O)C(F)(F)C(F)(F)F)C(F)(F)C(F)(F)F,0.4899472769254461,0.0964000000000021,511.36,6,2,110.29,6,3,2,5,0,0.05,0.45699025
C[NH+]1CCN(CCO)C1.O=S(=O)([N-]S(=O)(=O)C(F)(F)C(F)(F)F)C(F)(F)C(F)(F)F,0.4899472769254461,0.0964000000000021,511.36,6,2,110.29,6,3,2,5,0,0.001,0.47983400000000026
C[NH+]1CCN(CCO)C1.O=S(=O)([N-]S(=O)(=O)C(F)(F)C(F)(F)F)C(F)(F)C(F)(F)F,0.4899472769254461,0.0964000000000021,511.36,6,2,110.29,6,3,2,5,0,5.0,0.8554684999999977
C[NH+]1CCN(CCO)C1.O=S(=O)([N-]S(=O)(=O)C(F)(F)C(F)(F)F)C(F)(F)C(F)(F)F,0.4899472769254461,0.0964000000000021,511.36,6,2,110.29,6,3,2,5,0,0.25,0.46298974999999987
C[NH+]1CCN(CCO)C1.O=S(=O)([N-]S(=O)(=O)C(F)(F)C(F)(F)F)C(F)(F)C(F)(F)F,0.4899472769254461,0.0964000000000021,511.36,6,2,110.29,6,3,2,5,0,0.005,0.4770650000000002
C[NH+]1CCN(CCO)C1.O=S(=O)([N-]S(=O)(=O)C(F)(F)C(F)(F)F)C(F)(F)C(F)(F)F,0.4899472769254461,0.0964000000000021,511.36,6,2,110.29,6,3,2,5,0,2.0,0.8423364999999974
C[NH+]1CCN(CCO)C1.O=S(=O)([N-]S(=O)(=O)C(F)(F)C(F)(F)F)C(F)(F)C(F)(F)F,0.4899472769254461,0.0964000000000021,511.36,6,2,110.29,6,3,2,5,0,0.2,0.45384424999999995
C[NH+]1CCN(CCO)C1.O=S(=O)([N-]S(=O)(=O)C(F)(F)C(F)(F)F)C(F)(F)C(F)(F)F,0.4899472769254461,0.0964000000000021,511.36,6,2,110.29,6,3,2,5,0,0.4,0.6645754999999987
C[NH+]1CCN(CCO)C1.O=S(=O)([N-]S(=O)(=O)C(F)(F)C(F)(F)F)C(F)(F)C(F)(F)F,0.4899472769254461,0.0964000000000021,511.36,6,2,110.29,6,3,2,5,0,0.8,0.8299424999999968
C[NH+]1CCN(CCO)C1.O=S(=O)([N-]S(=O)(=O)C(F)(F)C(F)(F)F)C(F)(F)C(F)(F)F,0.4899472769254461,0.0964000000000021,511.36,6,2,110.29,6,3,2,5,0,2.5,0.8430809999999975
Cc1cc(O)c(C(=O)/C=C/c2cccc3cccnc23)c(=O)o1,0.5938004039431848,3.0981200000000024,307.3050000000001,5,1,80.39999999999999,3,1,0,4,0,1.0,0.8711205000000005
Cc1cc(O)c(C(=O)/C=C/c2cccc3cccnc23)c(=O)o1,0.5938004039431848,3.0981200000000024,307.3050000000001,5,1,80.39999999999999,3,1,0,4,0,0.1,0.76775
Cc1cc(O)c(C(=O)/C=C/c2cccc3cccnc23)c(=O)o1,0.5938004039431848,3.0981200000000024,307.3050000000001,5,1,80.39999999999999,3,1,0,4,0,0.01,0.7203650000000001
Cc1cc(O)c(C(=O)/C=C/c2cccc3cccnc23)c(=O)o1,0.5938004039431848,3.0981200000000024,307.3050000000001,5,1,80.39999999999999,3,1,0,4,0,0.5,0.7832690000000002
Cc1cc(O)c(C(=O)/C=C/c2cccc3cccnc23)c(=O)o1,0.5938004039431848,3.0981200000000024,307.3050000000001,5,1,80.39999999999999,3,1,0,4,0,0.05,0.7462695000000004
Cc1cc(O)c(C(=O)/C=C/c2cccc3cccnc23)c(=O)o1,0.5938004039431848,3.0981200000000024,307.3050000000001,5,1,80.39999999999999,3,1,0,4,0,0.001,0.6913499999999999
Cc1cc(O)c(C(=O)/C=C/c2cccc3cccnc23)c(=O)o1,0.5938004039431848,3.0981200000000024,307.3050000000001,5,1,80.39999999999999,3,1,0,4,0,5.0,0.8934410000000004
Cc1cc(O)c(C(=O)/C=C/c2cccc3cccnc23)c(=O)o1,0.5938004039431848,3.0981200000000024,307.3050000000001,5,1,80.39999999999999,3,1,0,4,0,0.25,0.7729378333333333
Cc1cc(O)c(C(=O)/C=C/c2cccc3cccnc23)c(=O)o1,0.5938004039431848,3.0981200000000024,307.3050000000001,5,1,80.39999999999999,3,1,0,4,0,0.005,0.678996
Cc1cc(O)c(C(=O)/C=C/c2cccc3cccnc23)c(=O)o1,0.5938004039431848,3.0981200000000024,307.3050000000001,5,1,80.39999999999999,3,1,0,4,0,2.0,0.8790890000000001
Cc1cc(O)c(C(=O)/C=C/c2cccc3cccnc23)c(=O)o1,0.5938004039431848,3.0981200000000024,307.3050000000001,5,1,80.39999999999999,3,1,0,4,0,0.2,0.7690248333333334
Cc1cc(O)c(C(=O)/C=C/c2cccc3cccnc23)c(=O)o1,0.5938004039431848,3.0981200000000024,307.3050000000001,5,1,80.39999999999999,3,1,0,4,0,0.4,0.7841490000000003
Cc1cc(O)c(C(=O)/C=C/c2cccc3cccnc23)c(=O)o1,0.5938004039431848,3.0981200000000024,307.3050000000001,5,1,80.39999999999999,3,1,0,4,0,0.8,0.8706765000000007
Cc1cc(O)c(C(=O)/C=C/c2cccc3cccnc23)c(=O)o1,0.5938004039431848,3.0981200000000024,307.3050000000001,5,1,80.39999999999999,3,1,0,4,0,2.5,0.8811370000000003
O=P(O)(O)C(O)c1ccccc1,0.6011117194307162,0.8552,188.119,2,3,77.76,2,0,0,4,1,1.0,0.7235183333333343
O=P(O)(O)C(O)c1ccccc1,0.6011117194307162,0.8552,188.119,2,3,77.76,2,0,0,4,1,0.1,0.736260833333332
O=P(O)(O)C(O)c1ccccc1,0.6011117194307162,0.8552,188.119,2,3,77.76,2,0,0,4,1,0.01,0.6977060333333327
O=P(O)(O)C(O)c1ccccc1,0.6011117194307162,0.8552,188.119,2,3,77.76,2,0,0,4,1,0.5,0.8783634999999993
O=P(O)(O)C(O)c1ccccc1,0.6011117194307162,0.8552,188.119,2,3,77.76,2,0,0,4,1,0.05,0.7104292499999993
O=P(O)(O)C(O)c1ccccc1,0.6011117194307162,0.8552,188.119,2,3,77.76,2,0,0,4,1,0.001,0.7237223666666666
O=P(O)(O)C(O)c1ccccc1,0.6011117194307162,0.8552,188.119,2,3,77.76,2,0,0,4,1,5.0,0.7577298333333334
O=P(O)(O)C(O)c1ccccc1,0.6011117194307162,0.8552,188.119,2,3,77.76,2,0,0,4,1,0.25,0.7885814285714287
O=P(O)(O)C(O)c1ccccc1,0.6011117194307162,0.8552,188.119,2,3,77.76,2,0,0,4,1,0.005,0.7185466999999999
O=P(O)(O)C(O)c1ccccc1,0.6011117194307162,0.8552,188.119,2,3,77.76,2,0,0,4,1,2.0,0.7539515
O=P(O)(O)C(O)c1ccccc1,0.6011117194307162,0.8552,188.119,2,3,77.76,2,0,0,4,1,0.2,0.7470664999999999
O=P(O)(O)C(O)c1ccccc1,0.6011117194307162,0.8552,188.119,2,3,77.76,2,0,0,4,1,0.4,0.8799254999999992
O=P(O)(O)C(O)c1ccccc1,0.6011117194307162,0.8552,188.119,2,3,77.76,2,0,0,4,1,0.8,0.7223133333333343
O=P(O)(O)C(O)c1ccccc1,0.6011117194307162,0.8552,188.119,2,3,77.76,2,0,0,4,1,2.5,0.7537465
O=C(CS)OCCOCCOCCOCCOCCOCCOCCOCCOCCOCCOCCOCCOCCOCCOC(=O)CS,0.0485692253337569,0.1482000000000121,782.965,19,2,172.59,44,0,2,17,0,1.0,0.5650406000000009
O=C(CS)OCCOCCOCCOCCOCCOCCOCCOCCOCCOCCOCCOCCOCCOCCOC(=O)CS,0.0485692253337569,0.1482000000000121,782.965,19,2,172.59,44,0,2,17,0,0.1,0.4273382000000009
O=C(CS)OCCOCCOCCOCCOCCOCCOCCOCCOCCOCCOCCOCCOCCOCCOC(=O)CS,0.0485692253337569,0.1482000000000121,782.965,19,2,172.59,44,0,2,17,0,0.01,0.4033974999999998
O=C(CS)OCCOCCOCCOCCOCCOCCOCCOCCOCCOCCOCCOCCOCCOCCOC(=O)CS,0.0485692253337569,0.1482000000000121,782.965,19,2,172.59,44,0,2,17,0,0.5,0.5026367000000002
O=C(CS)OCCOCCOCCOCCOCCOCCOCCOCCOCCOCCOCCOCCOCCOCCOC(=O)CS,0.0485692253337569,0.1482000000000121,782.965,19,2,172.59,44,0,2,17,0,0.05,0.39486249999999984
O=C(CS)OCCOCCOCCOCCOCCOCCOCCOCCOCCOCCOCCOCCOCCOCCOC(=O)CS,0.0485692253337569,0.1482000000000121,782.965,19,2,172.59,44,0,2,17,0,0.001,0.43953699999999984
O=C(CS)OCCOCCOCCOCCOCCOCCOCCOCCOCCOCCOCCOCCOCCOCCOC(=O)CS,0.0485692253337569,0.1482000000000121,782.965,19,2,172.59,44,0,2,17,0,5.0,0.5812440999999992
O=C(CS)OCCOCCOCCOCCOCCOCCOCCOCCOCCOCCOCCOCCOCCOCCOC(=O)CS,0.0485692253337569,0.1482000000000121,782.965,19,2,172.59,44,0,2,17,0,0.25,0.4453377000000006
O=C(CS)OCCOCCOCCOCCOCCOCCOCCOCCOCCOCCOCCOCCOCCOCCOC(=O)CS,0.0485692253337569,0.1482000000000121,782.965,19,2,172.59,44,0,2,17,0,0.005,0.43911449999999985
O=C(CS)OCCOCCOCCOCCOCCOCCOCCOCCOCCOCCOCCOCCOCCOCCOC(=O)CS,0.0485692253337569,0.1482000000000121,782.965,19,2,172.59,44,0,2,17,0,2.0,0.5621921000000009
O=C(CS)OCCOCCOCCOCCOCCOCCOCCOCCOCCOCCOCCOCCOCCOCCOC(=O)CS,0.0485692253337569,0.1482000000000121,782.965,19,2,172.59,44,0,2,17,0,0.2,0.44447670000000067
O=C(CS)OCCOCCOCCOCCOCCOCCOCCOCCOCCOCCOCCOCCOCCOCCOC(=O)CS,0.0485692253337569,0.1482000000000121,782.965,19,2,172.59,44,0,2,17,0,0.4,0.5004752000000001
O=C(CS)OCCOCCOCCOCCOCCOCCOCCOCCOCCOCCOCCOCCOCCOCCOC(=O)CS,0.0485692253337569,0.1482000000000121,782.965,19,2,172.59,44,0,2,17,0,0.8,0.5650406000000009
O=C(CS)OCCOCCOCCOCCOCCOCCOCCOCCOCCOCCOCCOCCOCCOCCOC(=O)CS,0.0485692253337569,0.1482000000000121,782.965,19,2,172.59,44,0,2,17,0,2.5,0.5621921000000009
NC1=CC=CC=C1C1=NC2=CC=CC=C2N1,0.6053313627202738,2.8121,209.25200000000004,2,2,54.7,1,3,0,0,0,1.0,0.9236998214285712
NC1=CC=CC=C1C1=NC2=CC=CC=C2N1,0.6053313627202738,2.8121,209.25200000000004,2,2,54.7,1,3,0,0,0,0.1,0.7842312083333327
NC1=CC=CC=C1C1=NC2=CC=CC=C2N1,0.6053313627202738,2.8121,209.25200000000004,2,2,54.7,1,3,0,0,0,0.01,0.7451122499999996
NC1=CC=CC=C1C1=NC2=CC=CC=C2N1,0.6053313627202738,2.8121,209.25200000000004,2,2,54.7,1,3,0,0,0,0.5,0.8767148273809527
NC1=CC=CC=C1C1=NC2=CC=CC=C2N1,0.6053313627202738,2.8121,209.25200000000004,2,2,54.7,1,3,0,0,0,0.05,0.7722366666666665
NC1=CC=CC=C1C1=NC2=CC=CC=C2N1,0.6053313627202738,2.8121,209.25200000000004,2,2,54.7,1,3,0,0,0,0.001,0.7583756666666672
NC1=CC=CC=C1C1=NC2=CC=CC=C2N1,0.6053313627202738,2.8121,209.25200000000004,2,2,54.7,1,3,0,0,0,5.0,0.9563022261904757
NC1=CC=CC=C1C1=NC2=CC=CC=C2N1,0.6053313627202738,2.8121,209.25200000000004,2,2,54.7,1,3,0,0,0,0.25,0.8099436249999998
NC1=CC=CC=C1C1=NC2=CC=CC=C2N1,0.6053313627202738,2.8121,209.25200000000004,2,2,54.7,1,3,0,0,0,0.005,0.7502641666666671
NC1=CC=CC=C1C1=NC2=CC=CC=C2N1,0.6053313627202738,2.8121,209.25200000000004,2,2,54.7,1,3,0,0,0,2.0,0.9267390714285711
NC1=CC=CC=C1C1=NC2=CC=CC=C2N1,0.6053313627202738,2.8121,209.25200000000004,2,2,54.7,1,3,0,0,0,0.2,0.7988057083333328
NC1=CC=CC=C1C1=NC2=CC=CC=C2N1,0.6053313627202738,2.8121,209.25200000000004,2,2,54.7,1,3,0,0,0,0.4,0.8723169940476195
NC1=CC=CC=C1C1=NC2=CC=CC=C2N1,0.6053313627202738,2.8121,209.25200000000004,2,2,54.7,1,3,0,0,0,0.8,0.9228129547619046
NC1=CC=CC=C1C1=NC2=CC=CC=C2N1,0.6053313627202738,2.8121,209.25200000000004,2,2,54.7,1,3,0,0,0,2.5,0.9281585714285712
Nc1ccccc1F,0.5030676848790229,1.4079,111.119,1,1,26.02,0,1,0,0,0,1.0,0.5465635000000006
Nc1ccccc1F,0.5030676848790229,1.4079,111.119,1,1,26.02,0,1,0,0,0,0.1,0.3695000000000001
Nc1ccccc1F,0.5030676848790229,1.4079,111.119,1,1,26.02,0,1,0,0,0,0.01,0.33818499999999957
Nc1ccccc1F,0.5030676848790229,1.4079,111.119,1,1,26.02,0,1,0,0,0,0.5,0.4277050000000002
Nc1ccccc1F,0.5030676848790229,1.4079,111.119,1,1,26.02,0,1,0,0,0,0.05,0.3407559999999996
Nc1ccccc1F,0.5030676848790229,1.4079,111.119,1,1,26.02,0,1,0,0,0,0.001,0.33077099999999954
Nc1ccccc1F,0.5030676848790229,1.4079,111.119,1,1,26.02,0,1,0,0,0,5.0,0.5721995000000007
Nc1ccccc1F,0.5030676848790229,1.4079,111.119,1,1,26.02,0,1,0,0,0,0.25,0.3714390000000002
Nc1ccccc1F,0.5030676848790229,1.4079,111.119,1,1,26.02,0,1,0,0,0,0.005,0.33077099999999954
Nc1ccccc1F,0.5030676848790229,1.4079,111.119,1,1,26.02,0,1,0,0,0,2.0,0.5504120000000006
Nc1ccccc1F,0.5030676848790229,1.4079,111.119,1,1,26.02,0,1,0,0,0,0.2,0.3714390000000002
Nc1ccccc1F,0.5030676848790229,1.4079,111.119,1,1,26.02,0,1,0,0,0,0.4,0.42920000000000014
Nc1ccccc1F,0.5030676848790229,1.4079,111.119,1,1,26.02,0,1,0,0,0,0.8,0.5465635000000006
Nc1ccccc1F,0.5030676848790229,1.4079,111.119,1,1,26.02,0,1,0,0,0,2.5,0.5516855000000005
